"Year","Month","Day","dailywtmp"
2011,1,1,8.74728033472803
2011,1,2,8.955
2011,1,3,8.64833333333333
2011,1,4,8.26166666666667
2011,1,5,8.2234309623431
2011,1,6,8.20375
2011,1,7,8.10840336134454
2011,1,8,8.16708333333333
2011,1,9,7.82194092827004
2011,1,10,7.35333333333333
2011,1,11,6.56041666666667
2011,1,12,6.55083333333333
2011,1,13,6.35833333333333
2011,1,14,6.45958333333333
2011,1,15,6.55291666666667
2011,1,16,6.92156862745098
2011,1,17,6.96637168141593
2011,1,18,6.92991452991453
2011,1,19,7.06416666666667
2011,1,20,7.17
2011,1,21,7.5125
2011,1,22,6.92416666666667
2011,1,23,6.32666666666667
2011,1,24,6.63916666666667
2011,1,25,6.43416666666667
2011,1,26,6.84458333333333
2011,1,27,6.96166666666667
2011,1,28,7.20210084033613
2011,1,29,7.49625
2011,1,30,7.73083333333333
2011,1,31,8.21833333333333
2011,2,1,8.15481171548117
2011,2,2,8.59113924050633
2011,2,3,8.45458333333333
2011,2,4,8.23583333333333
2011,2,5,8.28416666666667
2011,2,6,8.55333333333333
2011,2,7,9.01
2011,2,8,8.89833333333333
2011,2,9,8.2672268907563
2011,2,10,8.56458333333333
2011,2,11,7.99333333333333
2011,2,12,7.93291666666667
2011,2,13,8.26291666666667
2011,2,14,8.67625
2011,2,15,8.8252427184466
2011,2,16,9.10833333333333
2011,2,17,9.6457264957265
2011,2,18,9.52208333333333
2011,2,19,9.31375
2011,2,20,9.58791666666667
2011,2,21,10.1195833333333
2011,2,22,9.74285714285714
2011,2,23,10.3595833333333
2011,2,24,10.8379166666667
2011,2,25,11.07625
2011,2,26,10.8029166666667
2011,2,27,11.2391666666667
2011,2,28,11.28125
2011,3,1,11.4617647058824
2011,3,2,11.8529166666667
2011,3,3,11.5279166666667
2011,3,4,11.19625
2011,3,5,11.7658333333333
2011,3,6,12.6241666666667
2011,3,7,11.9341666666667
2011,3,8,12.2836820083682
2011,3,9,12.7258333333333
2011,3,10,13.1
2011,3,11,12.4445833333333
2011,3,12,12.33875
2011,3,13,12.6158333333333
2011,3,14,12.7445833333333
2011,3,15,13.1188284518828
2011,3,16,13.3220833333333
2011,3,17,13.1088983050847
2011,3,18,13.5079166666667
2011,3,19,13.5445833333333
2011,3,20,14.3766666666667
2011,3,21,14.5745833333333
2011,3,22,14.5216666666667
2011,3,23,14.56375
2011,3,24,14.7379166666667
2011,3,25,14.8909523809524
2011,3,26,15.1920454545455
2011,3,27,14.6133333333333
2011,3,28,13.5433333333333
2011,3,29,13.3529166666667
2011,3,30,14.0141666666667
2011,3,31,14.0308333333333
2011,4,1,14.2172268907563
2011,4,2,14.1354166666667
2011,4,3,14.5629166666667
2011,4,4,14.87375
2011,4,5,15.0141666666667
2011,4,6,14.91625
2011,4,7,15.45375
2011,4,8,15.7016666666667
2011,4,9,15.7945833333333
2011,4,10,16.6604166666667
2011,4,11,17.1275
2011,4,12,16.6008333333333
2011,4,13,15.9508333333333
2011,4,14,16.2766666666667
2011,4,15,17.5229166666667
2011,4,16,18.3883333333333
2011,4,17,17.9225
2011,4,18,18.0633333333333
2011,4,19,18.1645833333333
2011,4,20,18.1358333333333
2011,4,21,18.1191666666667
2011,4,22,18.6354166666667
2011,4,23,18.6829166666667
2011,4,24,18.9620833333333
2011,4,25,19.1179166666667
2011,4,26,19.4308333333333
2011,4,27,19.1595833333333
2011,4,28,18.9195833333333
2011,4,29,18.7291666666667
2011,4,30,19.2729166666667
2011,5,1,20.1495798319328
2011,5,2,20.7904166666667
2011,5,3,20.8975
2011,5,4,20.58375
2011,5,5,20.015
2011,5,6,20.14375
2011,5,7,19.9541666666667
2011,5,8,20.0495833333333
2011,5,9,20.5625
2011,5,10,21.0875
2011,5,11,21.88
2011,5,12,21.90125
2011,5,13,21.7491666666667
2011,5,14,21.82375
2011,5,15,21.8666666666667
2011,5,16,21.5279166666667
2011,5,17,21.415
2011,5,18,21.6145833333333
2011,5,19,21.9083333333333
2011,5,20,22.1220833333333
2011,5,21,22.2995833333333
2011,5,22,22.905
2011,5,23,22.9191666666667
2011,5,24,22.6479166666667
2011,5,25,22.135
2011,5,26,22.315
2011,5,27,22.4904166666667
2011,5,28,22.7383333333333
2011,5,29,23.0966666666667
2011,5,30,23.5525
2011,5,31,23.19625
2011,6,1,26.0743697478992
2011,6,2,26.1
2011,6,3,25.09875
2011,6,4,26.6329166666667
2011,6,5,26.5741666666667
2011,6,6,27.315
2011,6,7,27.462447257384
2011,6,8,26.0070833333333
2011,6,9,23.7520833333333
2011,6,10,24.3534188034188
2011,6,11,25.2245833333333
2011,6,12,25.4791666666667
2011,6,13,25.43625
2011,6,14,25.7658333333333
2011,6,15,26.36125
2011,6,16,26.4741666666667
2011,6,17,26.4421052631579
2011,6,18,25.6283333333333
2011,6,19,25.20625
2011,6,20,25.0404166666667
2011,6,21,26.11375
2011,6,22,27.0579166666667
2011,6,23,26.394537815126
2011,6,24,25.2979166666667
2011,6,25,25.2066666666667
2011,6,26,25.36375
2011,6,27,25.6970833333333
2011,6,28,25.8779166666667
2011,6,29,26.5016877637131
2011,6,30,26.9579166666667
2011,7,1,27.910970464135
2011,7,2,28.0475
2011,7,3,27.61875
2011,7,4,27.67875
2011,7,5,27.8079166666667
2011,7,6,27.7633333333333
2011,7,7,27.2933333333333
2011,7,8,26.6608333333333
2011,7,9,26.0408333333333
2011,7,10,26.6429166666667
2011,7,11,28.0854166666667
2011,7,12,27.6545833333333
2011,7,13,26.9783333333333
2011,7,14,27.06
2011,7,15,27.5408333333333
2011,7,16,27.2820833333333
2011,7,17,27.5641666666667
2011,7,18,28.1208333333333
2011,7,19,28.2941666666667
2011,7,20,28.2666666666667
2011,7,21,27.9625
2011,7,22,27.7195833333333
2011,7,23,28.12375
2011,7,24,28.3333333333333
2011,7,25,27.91375
2011,7,26,28.2
2011,7,27,28.39125
2011,7,28,28.5379166666667
2011,7,29,28.6808333333333
2011,7,30,28.7620833333333
2011,7,31,28.9304166666667
2011,8,1,28.6970833333333
2011,8,2,29.0766666666667
2011,8,3,28.8341666666667
2011,8,4,28.9225
2011,8,5,28.8808333333333
2011,8,6,29.2741666666667
2011,8,7,29.41875
2011,8,8,29.1725
2011,8,9,29.1758333333333
2011,8,10,29.0045833333333
2011,8,11,29.3654166666667
2011,8,12,29.5791666666667
2011,8,13,29.315
2011,8,14,29.1345833333333
2011,8,15,29.26875
2011,8,16,29.1104166666667
2011,8,17,29.2658333333333
2011,8,18,29.475
2011,8,19,29.38375
2011,8,20,29.2654166666667
2011,8,21,28.9429166666667
2011,8,22,28.5683333333333
2011,8,23,28.0729166666667
2011,8,24,28.5283333333333
2011,8,25,29.0245833333333
2011,8,26,29.30875
2011,8,27,28.00625
2011,8,28,27.955
2011,8,29,28.1390374331551
2011,9,7,29
2011,9,8,28.57
2011,9,9,28.0883333333333
2011,9,10,27.9670833333333
2011,9,11,28.21125
2011,9,12,28.38875
2011,9,13,28.5569037656904
2011,9,14,28.60375
2011,9,15,28.6195833333333
2011,9,16,27.5475
2011,9,17,26.5379166666667
2011,9,18,26.1858333333333
2011,9,19,25.8833333333333
2011,9,20,26.1295652173913
2011,9,21,26.0779661016949
2011,9,22,26.3435146443515
2011,9,23,26.5380753138075
2011,9,24,26.3325
2011,9,25,26.11375
2011,9,26,25.8591666666667
2011,9,27,26.1059574468085
2011,9,28,26.5058333333333
2011,9,29,26.4404166666667
2011,9,30,26.1870833333333
2011,10,1,25.7045833333333
2011,10,2,24.9091666666667
2011,10,3,24.5045833333333
2011,10,4,24.2729166666667
2011,10,5,24.1233333333333
2011,10,6,24.0141025641026
2011,10,7,23.6661087866109
2011,10,8,23.2395833333333
2011,10,9,22.9083333333333
2011,10,10,22.83875
2011,10,11,22.6016666666667
2011,10,12,22.8076271186441
2011,10,13,23.3316666666667
2011,10,14,23.0345991561181
2011,10,15,22.77125
2011,10,16,22.7025
2011,10,17,22.78125
2011,10,18,22.9914893617021
2011,10,19,23.4889400921659
2011,10,20,22.6058558558559
2011,10,21,22.1727272727273
2011,10,22,22.2957746478873
2011,10,23,21.7559090909091
2011,10,24,21.5027397260274
2011,10,25,21.31004784689
2011,10,26,21.2875
2011,10,27,21.4233944954128
2011,10,28,21.2
2011,10,29,20.362443438914
2011,10,30,19.8798165137615
2011,10,31,19.3484304932735
2011,11,1,18.5719298245614
2011,11,2,18.3354166666667
2011,11,3,18.2539007092199
2011,11,7,17.498275862069
2011,11,8,17.5372384937238
2011,11,9,17.7629166666667
2011,11,10,18.0783333333333
2011,11,11,17.4754166666667
2011,11,12,16.9825
2011,11,13,17.3325
2011,11,14,17.6904166666667
2011,11,15,17.7554166666667
2011,11,16,17.9704166666667
2011,11,17,18.3631355932203
2011,11,18,17.5570833333333
2011,11,19,17.0295833333333
2011,11,20,17.65375
2011,11,21,17.785
2011,11,22,17.7525
2011,11,23,17.9604166666667
2011,11,24,17.4129166666667
2011,11,25,17.1633333333333
2011,11,26,17.1545833333333
2011,11,27,17.4395833333333
2011,11,28,17.6983333333333
2011,11,29,17.6416666666667
2011,11,30,16.8625
2011,12,1,16.30875
2011,12,2,15.915
2011,12,3,15.8895833333333
2011,12,4,15.3601694915254
2011,12,5,15.8104166666667
2011,12,6,16.29875
2011,12,7,16.6933333333333
2011,12,8,15.82625
2011,12,9,15.3633333333333
2011,12,10,15.4444915254237
2011,12,11,14.6466666666667
2011,12,12,13.9822033898305
2011,12,13,13.8604166666667
2011,12,14,14.2116666666667
2011,12,15,14.5279166666667
2011,12,16,14.7645833333333
2011,12,17,14.6229166666667
2011,12,18,14.31125
2011,12,19,13.8891666666667
2011,12,20,14.19
2011,12,21,14.4333333333333
2011,12,22,14.6541666666667
2011,12,23,14.8633333333333
2011,12,24,14.595
2011,12,25,14.31875
2011,12,26,14.2954166666667
2011,12,27,14.0820833333333
2011,12,28,14.11375
2011,12,29,13.9683333333333
2011,12,30,13.9695833333333
2011,12,31,14.28625
2012,1,1,14.42875
2012,1,2,14.3829596412556
2012,1,3,13.255230125523
2012,1,4,12.7154166666667
2012,1,5,12.36375
2012,1,6,12.3741666666667
2012,1,7,12.58125
2012,1,8,13.01
2012,1,9,13.0708333333333
2012,1,10,12.975
2012,1,11,13.0883333333333
2012,1,12,13.1620833333333
2012,1,13,13.0329166666667
2012,1,14,12.5554166666667
2012,1,15,12.21
2012,1,16,11.81875
2012,1,17,12.3725
2012,1,18,12.6691666666667
2012,1,19,12.1954166666667
2012,1,20,12.1745833333333
2012,1,21,12.5275
2012,1,22,12.6841666666667
2012,1,23,12.3502092050209
2012,1,24,12.7166666666667
2012,1,25,12.7245833333333
2012,1,26,13.13625
2012,1,27,13.4370833333333
2012,1,28,13.3441176470588
2012,1,29,13.2620833333333
2012,1,30,13.04875
2012,1,31,13.0541666666667
2012,2,1,13.40625
2012,2,2,13.5979166666667
2012,2,3,13.4454166666667
2012,2,4,13.5291666666667
2012,2,5,13.8091666666667
2012,2,6,13.2879166666667
2012,2,7,13.2741666666667
2012,2,8,13.3870833333333
2012,2,9,13.1133333333333
2012,2,10,13.06375
2012,2,11,13.0191666666667
2012,2,12,11.9920833333333
2012,2,13,11.9020833333333
2012,2,14,11.8070833333333
2012,2,15,11.965
2012,2,16,12.3533333333333
2012,2,17,12.5095833333333
2012,2,18,12.8129166666667
2012,2,19,13.2533333333333
2012,2,20,12.6029166666667
2012,2,21,12.33125
2012,2,22,12.6595833333333
2012,2,23,13.1241666666667
2012,2,24,13.6291666666667
2012,2,25,13.7466666666667
2012,2,26,13.3070833333333
2012,2,27,13.29125
2012,2,28,13.5804166666667
2012,2,29,14.0591666666667
2012,3,1,14.35375
2012,3,2,14.5266666666667
2012,3,3,14.8979166666667
2012,3,4,14.4858333333333
2012,3,5,14.22
2012,3,6,13.8825
2012,3,7,13.8874476987448
2012,3,8,14.5866666666667
2012,3,9,14.5966101694915
2012,3,10,14.4195833333333
2012,3,11,14.1924686192469
2012,3,12,14.7080168776371
2012,3,13,15.1054166666667
2012,3,14,15.021186440678
2012,3,15,15.4029166666667
2012,3,16,15.5257142857143
2012,3,17,16.0171548117155
2012,3,18,16.9741666666667
2012,3,19,17.1875
2012,3,20,17.5104166666667
2012,3,21,17.9558333333333
2012,3,22,18.3204166666667
2012,3,23,17.8871559633028
2012,3,30,19.196875
2012,3,31,19.0708333333333
2012,4,1,18.7521551724138
2012,4,2,19.2125
2012,4,3,19.3229166666667
2012,4,4,19.5429166666667
2012,4,5,19.5141666666667
2012,4,6,18.5054166666667
2012,4,7,17.9470833333333
2012,4,8,18.5454166666667
2012,4,9,18.77625
2012,4,10,18.8329166666667
2012,4,11,18.85875
2012,4,12,18.5179166666667
2012,4,13,18.605
2012,4,14,18.965
2012,4,15,19.0733333333333
2012,4,16,19.1433333333333
2012,4,17,19.3518828451883
2012,4,18,19.7304166666667
2012,4,19,20.0766666666667
2012,4,20,20.90625
2012,4,21,21.35
2012,4,22,21.09875
2012,4,23,20.1004166666667
2012,4,24,19.2145833333333
2012,4,25,19.21625
2012,4,26,19.5545833333333
2012,4,27,19.9633333333333
2012,4,28,20.5258333333333
2012,4,29,21.2920833333333
2012,4,30,21.8695833333333
2012,5,1,22.1195833333333
2012,5,2,21.0766666666667
2012,5,3,21.1483333333333
2012,5,4,21.2454166666667
2012,5,5,21.3708333333333
2012,5,6,22.0429166666667
2012,5,7,22.425
2012,5,8,22.7783333333333
2012,5,9,23.19625
2012,5,10,22.4791666666667
2012,5,11,22.8283333333333
2012,5,12,23.30375
2012,5,13,23.5125
2012,5,14,23.2491666666667
2012,5,15,23.5279166666667
2012,5,16,23.4804166666667
2012,5,17,23.4075
2012,5,18,23.8308333333333
2012,5,19,23.1345833333333
2012,5,20,22.97625
2012,5,21,23.5762711864407
2012,5,22,23.9820833333333
2012,5,23,23.54125
2012,5,24,24.1029166666667
2012,5,25,25.5054166666667
2012,5,26,25.7275
2012,5,27,26.0258333333333
2012,5,28,26.8033333333333
2012,5,29,26.61
2012,5,30,25.4545833333333
2012,5,31,25.4778723404255
2012,6,1,25.80125
2012,6,2,25.8487179487179
2012,6,3,25.7208333333333
2012,6,4,25.4279166666667
2012,6,5,25.2120833333333
2012,6,6,24.5454166666667
2012,6,7,24.6329166666667
2012,6,8,25.29875
2012,6,9,25.21875
2012,6,10,25.4754166666667
2012,6,11,25.4670833333333
2012,6,12,25.3820833333333
2012,6,13,25.7604166666667
2012,6,14,26.3008333333333
2012,6,15,25.7556603773585
2012,6,16,25.6050847457627
2012,6,17,25.8273333333333
2012,6,18,26.4291338582677
2012,6,19,26.7168
2012,6,20,26.3244094488189
2012,6,21,26.3456692913386
2012,6,22,26.1451882845188
2012,6,23,26.4995833333333
2012,6,24,26.9741666666667
2012,6,25,26.7756302521008
2012,6,26,26.42625
2012,6,27,26.1108333333333
2012,6,28,26.5095833333333
2012,6,29,26.7033333333333
2012,6,30,27.0816666666667
2012,7,1,26.98
2012,7,2,27.0094017094017
2012,7,3,27.5588983050847
2012,7,4,27.5175675675676
2012,7,5,27.365
2012,7,6,27.3208333333333
2012,7,7,27.1458333333333
2012,7,8,27.2691666666667
2012,7,9,27.1045833333333
2012,7,10,26.7075
2012,7,11,26.7541666666667
2012,7,12,27.3317991631799
2012,7,13,27.9791666666667
2012,7,14,28.4325
2012,7,15,28.86625
2012,7,16,28.3725
2012,7,17,26.9345833333333
2012,7,18,27.0195833333333
2012,7,19,27.1366666666667
2012,7,20,27.365
2012,7,21,27.4741666666667
2012,7,22,27.8533333333333
2012,7,23,28.12
2012,7,24,28.2045833333333
2012,7,25,28.41375
2012,7,26,29.0582978723404
2012,7,27,28.4458333333333
2012,7,28,28.59
2012,7,29,28.6966666666667
2012,7,30,28.595
2012,7,31,28.595
2012,8,1,28.81625
2012,8,2,29.11875
2012,8,3,29.0108333333333
2012,8,4,29.225
2012,8,5,28.9816666666667
2012,8,6,27.77875
2012,8,7,27.0583333333333
2012,8,8,26.95375
2012,8,9,27.2325
2012,8,10,26.7954166666667
2012,8,11,26.64875
2012,8,12,27.1208333333333
2012,8,13,27.5733333333333
2012,8,14,27.5558333333333
2012,8,15,27.24625
2012,8,16,27.07625
2012,8,17,27.5689265536723
2012,8,20,27.9806201550388
2012,8,21,28.2455319148936
2012,8,22,28.5766666666667
2012,8,23,28.7979079497908
2012,8,24,28.07125
2012,8,25,27.32
2012,8,26,27.4716666666667
2012,8,27,28.2595833333333
2012,8,28,28.2716666666667
2012,8,29,27.9733333333333
2012,8,30,28.0770833333333
2012,8,31,28.13875
2012,9,1,28.2479166666667
2012,9,2,28.2169491525424
2012,9,3,28.1079166666667
2012,9,4,28.0841666666667
2012,9,5,28.0670833333333
2012,9,6,27.5941422594142
2012,9,7,27.6416666666667
2012,9,8,27.7416666666667
2012,9,9,27.3254166666667
2012,9,10,27.1033333333333
2012,9,11,26.8725
2012,9,12,26.68
2012,9,13,26.69875
2012,9,14,26.9670833333333
2012,9,15,27.2645833333333
2012,9,16,27.5629166666667
2012,9,17,27.4891666666667
2012,9,18,27.51625
2012,9,19,27.2004166666667
2012,9,20,26.6525
2012,9,21,26.8970833333333
2012,9,22,26.89
2012,9,23,26.70125
2012,9,24,26.2895833333333
2012,9,25,25.948085106383
2012,9,26,26.17875
2012,9,27,26.4983333333333
2012,9,28,26.6429166666667
2012,9,29,26.435
2012,9,30,26.1529166666667
2012,10,1,25.9354166666667
2012,10,2,26.1029166666667
2012,10,3,26.2454166666667
2012,10,4,26.4033333333333
2012,10,5,26.42625
2012,10,6,26.55625
2012,10,7,26.58625
2012,10,8,25.8395833333333
2012,10,9,24.8766666666667
2012,10,10,24.6025210084034
2012,10,11,24.4395833333333
2012,10,12,24.3033333333333
2012,10,13,23.7291666666667
2012,10,14,23.6941666666667
2012,10,15,23.885
2012,10,16,23.1525
2012,10,17,23.2283333333333
2012,10,18,23.0729166666667
2012,10,19,23.0433333333333
2012,10,20,22.7858333333333
2012,10,21,22.6033333333333
2012,10,22,22.6178723404255
2012,10,23,22.7172268907563
2012,10,24,22.895
2012,10,25,23.0908333333333
2012,10,26,23.2041666666667
2012,10,27,22.5745833333333
2012,10,28,21.6908333333333
2012,10,29,20.7141666666667
2012,10,30,20.0725
2012,10,31,19.5308333333333
2012,11,1,19.35625
2012,11,2,19.2080717488789
2012,11,3,18.9478260869565
2012,11,4,19.06625
2012,11,5,18.7676470588235
2012,11,6,17.8325
2012,11,7,16.8441666666667
2012,11,8,17.0531380753138
2012,11,9,16.8375
2012,11,10,16.99875
2012,11,11,17.3333333333333
2012,11,12,17.8820833333333
2012,11,13,17.8908333333333
2012,11,14,16.8095833333333
2012,11,15,15.9958333333333
2012,11,16,15.7816666666667
2012,11,17,15.62625
2012,11,18,15.1233333333333
2012,11,19,15.1091666666667
2012,11,20,15.1725
2012,11,21,15.1420833333333
2012,11,22,14.79
2012,11,23,14.9833333333333
2012,11,24,15.0673728813559
2012,11,25,14.5495833333333
2012,11,26,14.5720833333333
2012,11,27,14.6470833333333
2012,11,28,14.5617647058824
2012,11,29,14.4841666666667
2012,11,30,14.5204166666667
2012,12,1,14.8304166666667
2012,12,2,15.1454166666667
2012,12,3,15.0033472803347
2012,12,4,15.2104166666667
2012,12,5,15.2229166666667
2012,12,6,15.2983333333333
2012,12,7,15.2075
2012,12,8,15.4779166666667
2012,12,9,15.6425
2012,12,10,16.2291666666667
2012,12,11,15.74875
2012,12,12,15.7766666666667
2012,12,13,14.8754166666667
2012,12,14,14.4
2012,12,15,14.455
2012,12,16,14.7391666666667
2012,12,17,14.9409482758621
2012,12,18,15.0405857740586
2012,12,19,14.84125
2012,12,20,14.8970833333333
2012,12,21,14.8666666666667
2012,12,22,14.00875
2012,12,23,13.6704166666667
2012,12,24,13.6691666666667
2012,12,25,14.07375
2012,12,26,13.9675
2012,12,27,13.6720833333333
2012,12,28,13.38375
2012,12,29,13.1895833333333
2012,12,30,12.8625
2012,12,31,12.45625
2013,1,1,12.763025210084
2013,1,2,13.2769874476987
2013,1,3,12.7224576271186
2013,1,4,12.0879166666667
2013,1,5,12.1020833333333
2013,1,6,12.3225
2013,1,7,12.2679166666667
2013,1,8,11.7529166666667
2013,1,9,11.9170833333333
2013,1,10,12.4741666666667
2013,1,11,12.51625
2013,1,12,12.7075
2013,1,13,13.1970833333333
2013,1,14,12.9792207792208
2013,1,15,12.8479166666667
2013,1,16,13.7566666666667
2013,1,17,13.6125
2013,1,18,13.7595833333333
2013,1,19,13.0970833333333
2013,1,20,13.11
2013,1,21,12.8458333333333
2013,1,22,12.8104166666667
2013,1,23,12.11875
2013,1,24,11.7458333333333
2013,1,25,10.5208333333333
2013,1,26,10.6329166666667
2013,1,27,10.3570833333333
2013,1,28,9.99458333333333
2013,1,29,10.38
2013,1,30,10.84125
2013,1,31,11.37375
2013,2,1,11.2334728033473
2013,2,2,10.9020833333333
2013,2,3,11.1625
2013,2,4,11.0270833333333
2013,2,5,11.1429166666667
2013,2,6,11.7125
2013,2,7,11.9858333333333
2013,2,8,11.7975
2013,2,9,11.4475
2013,2,10,11.40125
2013,2,11,11.7141666666667
2013,2,12,12.0229166666667
2013,2,13,12.25125
2013,2,14,12.0058333333333
2013,2,15,12.1148305084746
2013,2,16,12.3191666666667
2013,2,17,11.6441666666667
2013,2,18,11.11875
2013,2,19,11.4558333333333
2013,2,20,11.6595833333333
2013,2,21,11.7766666666667
2013,2,22,11.75875
2013,2,23,11.3129166666667
2013,2,24,11.4745833333333
2013,2,25,11.5495833333333
2013,2,26,11.3354166666667
2013,2,27,11.7883333333333
2013,2,28,11.8841666666667
2013,3,1,11.79
2013,3,2,11.7675
2013,3,3,11.5170833333333
2013,3,4,11.3766666666667
2013,3,5,11.4345833333333
2013,3,6,11.72
2013,3,7,11.3720833333333
2013,3,8,11.425
2013,3,9,11.49875
2013,3,10,11.945
2013,3,11,12.4644351464435
2013,3,12,12.7745833333333
2013,3,13,12.3941666666667
2013,3,14,12.073640167364
2013,3,15,12.2415254237288
2013,3,16,12.535
2013,3,17,12.8470833333333
2013,3,18,13.4903765690377
2013,3,19,13.3970588235294
2013,3,20,13.2597222222222
2013,3,21,13.1920833333333
2013,3,22,12.85625
2013,3,23,12.81875
2013,3,24,12.7720833333333
2013,3,25,12.6191666666667
2013,3,26,12.2858333333333
2013,3,27,12.0691666666667
2013,3,28,12.1529166666667
2013,3,29,12.41125
2013,3,30,12.7358333333333
2013,3,31,13.03125
2013,4,1,13.0062761506276
2013,4,2,13.0799163179916
2013,4,3,13.5873417721519
2013,4,4,13.610460251046
2013,4,5,13.1665271966527
2013,4,6,13.2941666666667
2013,4,7,13.8741666666667
2013,4,8,14.6066666666667
2013,4,9,14.4129166666667
2013,4,10,13.7666666666667
2013,4,11,13.9761506276151
2013,4,12,13.87875
2013,4,13,14.0366666666667
2013,4,14,14.9295833333333
2013,4,15,15.9008333333333
2013,4,16,16.5245833333333
2013,4,17,17.8025
2013,4,18,18.4527272727273
2013,4,19,19.6454166666667
2013,4,20,15.7179166666667
2013,4,21,16.1204166666667
2013,4,22,15.6025210084034
2013,4,23,15.4575
2013,4,24,16.3666666666667
2013,4,25,16.2875
2013,4,26,17.0375
2013,4,27,17.6829166666667
2013,4,28,18.14625
2013,4,29,18.38875
2013,4,30,18.1695833333333
2013,5,1,18.7616666666667
2013,5,2,19.0220833333333
2013,5,3,18.9318777292576
2013,5,4,18.41125
2013,5,5,18.4141666666667
2013,5,6,18.75875
2013,5,7,18.8833333333333
2013,5,8,18.7920833333333
2013,5,9,18.8648535564854
2013,5,10,19.1273109243697
2013,5,11,18.9595419847328
2013,5,12,18.92
2013,5,13,18.8826589595376
2013,5,14,18.9
2013,5,15,18.9
2013,5,16,20.3897435897436
2013,5,20,21.0434782608696
2013,5,21,20.6141304347826
2013,5,22,21.06
2013,5,23,20.6709401709402
2013,5,24,20.8983050847458
2013,5,25,20.8665271966527
2013,5,26,21.2791489361702
2013,5,27,21.9506382978723
2013,5,28,22.9244725738397
2013,5,29,23.113025210084
2013,5,30,23.6695833333333
2013,5,31,24.3216666666667
2013,6,1,23.7869346733668
2013,6,2,24.0613636363636
2013,6,18,26.1947368421053
2013,6,19,25.8245833333333
2013,6,20,25.7954166666667
2013,6,21,26.1308333333333
2013,6,22,26.31375
2013,6,23,26.47
2013,6,24,26.3416666666667
2013,6,25,26.3570833333333
2013,6,26,26.55
2013,6,27,25.9720833333333
2013,6,28,25.62
2013,6,29,25.14625
2013,6,30,25.15375
2013,7,1,25
2013,7,2,25.70875
2013,7,3,26.6079166666667
2013,7,4,26.8204166666667
2013,7,5,26.9266666666667
2013,7,6,26.6495833333333
2013,7,7,26.3270833333333
2013,7,8,26.2441666666667
2013,7,9,26.3120833333333
2013,7,10,26.3975
2013,7,11,26.22625
2013,7,12,25.6325
2013,7,13,25.935
2013,7,14,26.5979166666667
2013,7,15,28.0804166666667
2013,7,16,29.065
2013,7,17,28.3075
2013,7,18,28.4941666666667
2013,7,19,27.48625
2013,7,20,26.0683333333333
2013,7,21,24.62375
2013,7,22,23.9091666666667
2013,7,23,24.0012711864407
2013,7,24,24.3883333333333
2013,7,25,25.0420833333333
2013,7,26,26.2545833333333
2013,7,27,27.1870833333333
2013,7,28,27.3179166666667
2013,7,29,26.6325
2013,7,30,26.5361344537815
2013,7,31,27.3683168316832
2013,8,1,27.390756302521
2013,8,2,26.1166666666667
2013,8,3,25.5033613445378
2013,8,4,25.34625
2013,8,5,26.68125
2013,8,6,27.0108333333333
2013,8,7,27.3620833333333
2013,8,8,28.1109243697479
2013,8,9,27.1041666666667
2013,8,10,26.0280334728033
2013,8,11,25.6754166666667
2013,8,12,25.745
2013,8,13,26.23875
2013,8,14,26.1020833333333
2013,8,15,25.8970833333333
2013,8,16,25.4575
2013,8,17,25.3937238493724
2013,8,18,26.18875
2013,8,19,26.5759493670886
2013,8,20,27.4429166666667
2013,8,21,28.0504166666667
2013,8,22,27.6008333333333
2013,8,23,26.8525821596244
2013,8,24,26.5689075630252
2013,8,25,26.6941422594142
2013,8,26,26.9416666666667
2013,8,27,27.131512605042
2013,8,28,26.9518828451883
2013,8,29,26.99
2013,8,30,27.345
2013,8,31,28.0479166666667
2013,9,1,28.0125
2013,9,2,27.7054166666667
2013,9,3,27.7091666666667
2013,9,4,27.9583333333333
2013,9,5,28.775
2013,9,6,28.4704166666667
2013,9,7,28.4916666666667
2013,9,8,28.4158333333333
2013,9,9,28.49
2013,9,10,28.9441666666667
2013,9,11,29.0316666666667
2013,9,12,28.935
2013,9,13,28.5033333333333
2013,9,14,28.2425
2013,9,15,27.9166666666667
2013,9,16,28.0104166666667
2013,9,17,27.67
2013,9,18,26.8641666666667
2013,9,19,26.8558333333333
2013,9,20,26.7620833333333
2013,9,21,26.6095833333333
2013,9,22,26.56875
2013,9,23,26.1045833333333
2013,9,24,26.1129166666667
2013,9,25,25.8620833333333
2013,9,26,25.6158333333333
2013,9,27,25.4270833333333
2013,9,28,24.88375
2013,9,29,24.7025
2013,9,30,24.7495833333333
2013,10,1,24.725
2013,10,2,25.0208333333333
2013,10,3,25.2004166666667
2013,10,4,25.58375
2013,10,5,25.9325
2013,10,6,26.30875
2013,10,7,26.0991666666667
2013,10,8,25.1879166666667
2013,10,9,23.8916666666667
2013,10,10,22.74125
2013,10,11,22.6875
2013,10,12,22.863179916318
2013,10,13,23.045
2013,10,14,23.0583333333333
2013,10,15,22.6904166666667
2013,10,16,22.65625
2013,10,17,22.8354166666667
2013,10,18,23.2629166666667
2013,10,19,23.54125
2013,10,20,23.3370833333333
2013,10,21,22.94375
2013,10,22,22.67625
2013,10,23,22.52125
2013,10,24,22.1045833333333
2013,10,25,21.4816666666667
2013,10,26,20.7858333333333
2013,10,27,20.775
2013,10,28,21.0754166666667
2013,10,29,21.1675
2013,10,30,21.4691666666667
2013,10,31,21.5216666666667
2013,11,1,21.5225
2013,11,2,21.4041666666667
2013,11,3,21.05875
2013,11,4,20.1305439330544
2013,11,5,19.3775
2013,11,6,19.6525
2013,11,7,20.1720833333333
2013,11,8,19.6393305439331
2013,11,9,19.11125
2013,11,10,19.22
2013,11,11,18.7441666666667
2013,11,12,18.6025
2013,11,13,17.4358333333333
2013,11,14,17.0604166666667
2013,11,15,17.50125
2013,11,16,17.9620833333333
2013,11,17,18.4516666666667
2013,11,18,18.5595652173913
2013,11,19,18.0729166666667
2013,11,20,17.3266666666667
2013,11,21,17.03625
2013,11,22,17.3725
2013,11,23,17.5487394957983
2013,11,24,16.8479166666667
2013,11,25,15.8331753554502
2013,11,26,15.6147058823529
2013,11,27,16.1158333333333
2013,11,28,15.3516666666667
2013,11,29,14.8033333333333
2013,11,30,13.9372384937239
2013,12,1,14.175
2013,12,2,14.3329166666667
2013,12,3,14.3191666666667
2013,12,4,14.8958333333333
2013,12,5,15.0941666666667
2013,12,6,15.18125
2013,12,7,15.1841666666667
2013,12,8,14.52125
2013,12,9,14.2075
2013,12,10,14.6770833333333
2013,12,11,14.4139240506329
2013,12,12,14.0616666666667
2013,12,13,13.4966666666667
2013,12,14,13.9945833333333
2013,12,15,14.5083333333333
2013,12,16,14.0845833333333
2013,12,17,13.9666666666667
2013,12,18,13.9391666666667
2013,12,19,13.83125
2013,12,20,14.15125
2013,12,21,14.3395833333333
2013,12,22,14.5433333333333
2013,12,23,14.8151260504202
2013,12,24,14.8620833333333
2013,12,25,14.10625
2013,12,26,13.5254166666667
2013,12,27,13.1891666666667
2013,12,28,13.255
2013,12,29,13.8279166666667
2013,12,30,14.0904166666667
2013,12,31,14.1904166666667
2014,1,1,14.12625
2014,1,2,14.2898734177215
2014,1,3,14.0395833333333
2014,1,4,12.6170212765957
2014,1,5,12.21
2014,1,6,12.6079166666667
2014,1,7,11.6770833333333
2014,1,8,11.7340336134454
2014,1,9,11.5920833333333
2014,1,10,11.7966386554622
2014,1,11,12.2416666666667
2014,1,12,13.5295833333333
2014,1,13,13.5454935622318
2014,1,14,14.0965811965812
2014,1,15,14.1131355932203
2014,1,16,13.8066666666667
2014,1,17,13.2611111111111
2014,1,18,13.4045833333333
2014,1,19,12.8245833333333
2014,1,20,12.7825
2014,1,21,12.7924369747899
2014,1,22,12.315
2014,1,23,11.9563025210084
2014,1,24,11.2608333333333
2014,1,25,10.7166666666667
2014,1,26,10.8241666666667
2014,1,27,11.0004166666667
2014,1,28,10.8247899159664
2014,1,29,9.35333333333333
2014,1,30,9.12583333333333
2014,1,31,9.12689075630252
2014,2,1,9.59708333333333
2014,2,2,9.98541666666667
2014,2,3,10.2883333333333
2014,2,4,10.3375
2014,2,5,10.4825
2014,2,6,10.545
2014,2,7,10.3234309623431
2014,2,8,10.2873949579832
2014,2,9,10.12875
2014,2,10,10.44125
2014,2,11,9.87773109243697
2014,2,12,8.48270042194093
2014,2,13,8.205
2014,2,14,8.48375
2014,2,15,8.8928870292887
2014,2,16,9.0344537815126
2014,2,17,9.17291666666667
2014,2,18,9.15083333333333
2014,2,19,9.8375
2014,2,20,10.1066666666667
2014,2,21,10.3916666666667
2014,2,22,10.1495833333333
2014,2,23,10.7595833333333
2014,2,24,10.6283333333333
2014,2,25,11.3063291139241
2014,2,26,11.0354166666667
2014,2,27,10.5841666666667
2014,2,28,10.520920502092
2014,3,1,10.2783333333333
2014,3,2,10.8045833333333
2014,3,3,10.8454166666667
2014,3,4,10.3175
2014,3,5,9.6775
2014,3,6,9.36458333333333
2014,3,7,9.23416666666667
2014,3,8,9.33666666666667
2014,3,9,9.75458333333333
2014,3,10,10.4117647058824
2014,3,11,10.5016666666667
2014,3,12,10.3970588235294
2014,3,13,10.1825
2014,3,14,10.2991150442478
2014,3,15,10.4620833333333
2014,3,16,10.8720833333333
2014,3,17,10.9120833333333
2014,3,18,10.6054166666667
2014,3,19,10.4716666666667
2014,3,20,10.98625
2014,3,21,11.5279166666667
2014,3,22,11.9754166666667
2014,3,23,11.5309623430962
2014,3,24,11.9475
2014,3,25,12.0615062761506
2014,3,26,11.475
2014,3,27,11.5258333333333
2014,3,28,12.0483333333333
2014,3,29,12.5545833333333
2014,3,30,12.3058333333333
2014,3,31,11.9108333333333
2014,4,1,12.54
2014,4,2,12.6849056603774
2014,4,3,12.7041666666667
2014,4,4,12.8729166666667
2014,4,5,13.4704166666667
2014,4,6,14.06125
2014,4,7,14.6366666666667
2014,4,8,14.84375
2014,4,9,14.74875
2014,4,10,15.4933054393305
2014,4,11,15.2729166666667
2014,4,12,15.60375
2014,4,13,15.6491666666667
2014,4,14,16.4775
2014,4,15,16.8195833333333
2014,4,16,15.9558333333333
2014,4,17,15.7075
2014,4,18,15.81125
2014,4,19,15.72125
2014,4,20,15.295
2014,4,21,15.2654166666667
2014,4,22,16.1158333333333
2014,4,23,15.6908333333333
2014,4,24,16.57375
2014,4,25,17.3166666666667
2014,4,26,17.4154166666667
2014,4,27,17.2708333333333
2014,4,28,17.41
2014,4,29,17.6570833333333
2014,4,30,17.68625
2014,5,1,17.3975
2014,5,2,17.09625
2014,5,3,17.5858333333333
2014,5,4,17.5341666666667
2014,5,5,17.9804166666667
2014,5,6,19.2604166666667
2014,5,7,20.3870833333333
2014,5,8,19.9979166666667
2014,5,9,18.86
2014,5,10,18.3104166666667
2014,5,11,19.1370833333333
2014,5,12,20.64125
2014,5,13,20.9904166666667
2014,5,14,21.55625
2014,5,15,21.8958333333333
2014,5,16,21.59875
2014,5,17,21.3683333333333
2014,5,18,21.5633333333333
2014,5,19,21.5783333333333
2014,5,20,22.1416666666667
2014,5,21,22.02375
2014,5,22,22.2391666666667
2014,5,23,22.92875
2014,5,24,22.84875
2014,5,25,23.4004166666667
2014,5,26,23.4464135021097
2014,5,27,23.25625
2014,5,28,23.4355648535565
2014,5,29,23.81875
2014,5,30,24.7891666666667
2014,5,31,25.2016666666667
2014,6,1,24.9541666666667
2014,6,2,24.8820833333333
2014,6,3,25.1295833333333
2014,6,4,25.0120833333333
2014,6,5,25.1833333333333
2014,6,6,24.8870833333333
2014,6,7,25.79375
2014,6,8,26.1654166666667
2014,6,9,26.1672268907563
2014,6,10,25.755
2014,6,11,25.6929166666667
2014,6,12,25.7625
2014,6,13,25.46625
2014,6,14,25.4573839662447
2014,6,15,26.0970833333333
2014,6,16,27.0345833333333
2014,6,17,26.9316666666667
2014,6,18,26.6229166666667
2014,6,19,26.85
2014,6,20,26.8041666666667
2014,6,21,26.5195833333333
2014,6,22,26.7054393305439
2014,6,23,27.8096234309623
2014,6,24,28.20375
2014,6,25,28.1458333333333
2014,6,26,27.7995833333333
2014,6,27,27.575
2014,6,28,28.07875
2014,6,29,27.9270833333333
2014,6,30,27.9320833333333
2014,7,1,28.5054166666667
2014,7,2,28.3470833333333
2014,7,3,27.8525
2014,7,4,27.5264957264957
2014,7,5,27.3770833333333
2014,7,6,27.3854166666667
2014,7,7,27.69875
2014,7,8,28.021186440678
2014,7,9,28.168487394958
2014,7,10,28.1740585774059
2014,7,11,28.3166666666667
2014,7,12,28.6383333333333
2014,7,13,29.0020833333333
2014,7,14,28.8675
2014,7,15,28.6957805907173
2014,7,16,27.81625
2014,7,17,28.0883333333333
2014,7,18,28.7583333333333
2014,7,19,28.5308333333333
2014,7,20,28.7529166666667
2014,7,21,28.6741666666667
2014,7,22,28.4983333333333
2014,7,23,28.895
2014,7,24,28.55625
2014,7,25,28.25375
2014,7,26,28.6583333333333
2014,7,27,28.6516666666667
2014,7,28,28.52375
2014,7,29,28.25875
2014,7,30,28.67
2014,7,31,28.6146443514644
2014,8,1,28.1883333333333
2014,8,2,27.8737288135593
2014,8,3,27.6675
2014,8,4,27.3308333333333
2014,8,5,27.4816666666667
2014,8,6,27.8895833333333
2014,8,7,27.9879166666667
2014,8,8,28.4329166666667
2014,8,9,28.2008333333333
2014,8,10,27.6866666666667
2014,8,11,27.97375
2014,8,12,28.4829166666667
2014,8,13,28.18
2014,8,14,28.2420833333333
2014,8,15,28.3095833333333
2014,8,16,28.2829166666667
2014,8,17,28.3566666666667
2014,8,18,28.4506382978723
2014,8,19,28.5370833333333
2014,8,20,28.6954166666667
2014,8,21,28.8925
2014,8,22,28.655
2014,8,23,28.8433333333333
2014,8,24,28.85625
2014,8,25,27.8270833333333
2014,8,26,27.4591666666667
2014,8,27,27.6633333333333
2014,8,28,28.1191666666667
2014,8,29,28.31875
2014,8,30,28.6716666666667
2014,8,31,29.0383333333333
2014,9,1,28.6741666666667
2014,9,2,28.67625
2014,9,3,28.8208333333333
2014,9,4,28.9995833333333
2014,9,5,29.06375
2014,9,6,28.79125
2014,9,7,28.5895833333333
2014,9,8,28.5225
2014,9,9,28.2895833333333
2014,9,10,28.3264840182648
2014,9,11,28.8351464435146
2014,9,12,28.6820833333333
2014,9,13,28.6945833333333
2014,9,14,28.372197309417
2014,9,15,27.9154166666667
2014,9,16,27.853813559322
2014,9,17,28.2804166666667
2014,9,18,28.1695833333333
2014,9,19,27.3041666666667
2014,9,20,26.5516666666667
2014,9,21,26.3616666666667
2014,9,22,26.6291666666667
2014,9,23,26.2227074235808
2014,9,24,24.98875
2014,9,25,24.9858333333333
2014,9,26,24.9225
2014,9,27,24.7142259414226
2014,9,28,24.9949790794979
2014,9,29,25.3020920502092
2014,9,30,25.1404166666667
2014,10,1,25.5773109243697
2014,10,2,25.8917030567686
2014,10,3,26.239406779661
2014,10,4,25.9670833333333
2014,10,5,24.8753138075314
2014,10,6,24.8170833333333
2014,10,7,24.7304166666667
2014,10,8,24.9741525423729
2014,10,9,24.7616666666667
2014,10,10,24.9426086956522
2014,10,11,25.1327510917031
2014,10,12,24.9483333333333
2014,10,13,24.8733333333333
2014,10,14,25.51375
2014,10,15,25.31
2014,10,16,24.735864978903
2014,10,17,24.5296803652968
2014,10,18,24.4410041841004
2014,10,19,24.0075117370892
2014,10,20,23.6845188284519
2014,10,21,23.8546218487395
2014,10,22,23.4200836820084
2014,10,23,22.7775
2014,10,24,22.4483333333333
2014,10,25,22.5179916317992
2014,10,26,22.3191666666667
2014,10,27,22.3317991631799
2014,10,28,22.7478991596639
2014,10,29,22.8487068965517
2014,10,30,22.864406779661
2014,10,31,22.3470338983051
2014,11,1,21.5067510548523
2014,11,2,20.0632911392405
2014,11,3,19.9642857142857
2014,11,4,19.8012552301255
2014,11,5,19.8863829787234
2014,11,6,19.925
2014,11,7,19.7247899159664
2014,11,8,19.5941176470588
2014,11,9,19.3916666666667
2014,11,10,18.8383333333333
2014,11,11,18.965690376569
2014,11,12,19.4834782608696
2014,11,13,19.3684729064039
2014,11,14,18.9745689655172
2014,11,15,17.6765690376569
2014,11,16,17.29125
2014,11,17,17.5924882629108
2014,11,18,17.5436974789916
2014,11,19,16.5437768240343
2014,11,20,16.1634042553192
2014,11,21,15.7974789915966
2014,11,22,15.2084033613445
2014,11,23,15.4877637130802
2014,11,24,16.0414225941423
2014,11,25,16.1323529411765
2014,11,26,16.2719827586207
2014,11,27,15.8103004291845
2014,11,28,15.1504237288136
2014,11,29,15.1293617021277
2014,11,30,15.3093220338983
2014,12,1,15.4105485232068
2014,12,2,15.7737288135593
2014,12,3,15.8302631578947
2014,12,4,15.9021097046414
2014,12,5,15.6615062761506
2014,12,6,15.8569037656904
2014,12,7,15.746218487395
2014,12,8,14.8142857142857
2014,12,9,14.5470338983051
2014,12,10,14.2907079646018
2014,12,11,14.1550420168067
2014,12,12,13.8642857142857
2014,12,13,13.7075630252101
2014,12,14,13.9401673640167
2014,12,15,13.8911392405063
2014,12,16,14.1042918454936
2014,12,17,14.2082251082251
2014,12,18,14.082683982684
2014,12,19,13.7855319148936
2014,12,20,13.6186440677966
2014,12,21,12.8435344827586
2014,12,22,12.7363247863248
2014,12,23,12.8721238938053
2014,12,24,13.2642857142857
2014,12,25,13.3017391304348
2014,12,26,13.0645569620253
2014,12,27,13.2389121338912
2014,12,28,13.5135021097046
2014,12,29,13.4344827586207
2014,12,30,13.6258474576271
2014,12,31,12.8366812227074
2015,1,1,12.6564102564103
2015,1,2,13.0911392405063
2015,1,3,13.1601694915254
2015,1,4,13.4021008403361
2015,1,5,13.2302127659574
2015,1,6,12.915350877193
2015,1,7,12.5179824561404
2015,1,8,11.3046610169492
2015,1,9,10.5935344827586
2015,1,10,11.2302521008403
2015,1,11,10.5412017167382
2015,1,12,11.1502145922747
2015,1,13,11.3865546218487
2015,1,14,10.5823529411765
2015,1,15,10.4695833333333
2015,1,16,11.0058577405858
2015,1,17,10.947280334728
2015,1,18,11.2883333333333
2015,1,19,11.2916666666667
2015,1,20,11.52625
2015,1,21,11.7095833333333
2015,1,22,11.62
2015,1,23,11.7429166666667
2015,1,24,11.88625
2015,1,25,11.81
2015,1,26,11.97375
2015,1,27,11.9191666666667
2015,1,28,11.4016949152542
2015,1,29,11.4355648535565
2015,1,30,12.12625
2015,1,31,11.5520833333333
2015,2,1,11.7379166666667
2015,2,2,12.4966666666667
2015,2,3,12.3411764705882
2015,2,4,12.2375
2015,2,5,12.5191666666667
2015,2,6,11.7245762711864
2015,2,7,11.6541666666667
2015,2,8,12.00375
2015,2,9,12.2970833333333
2015,2,10,11.9808333333333
2015,2,11,11.1829166666667
2015,2,12,11.36
2015,2,13,10.9458333333333
2015,2,14,10.7125
2015,2,15,10.4807531380753
2015,2,16,10.0191666666667
2015,2,17,10.2648535564854
2015,2,18,10.0566666666667
2015,2,19,9.7025
2015,2,20,8.93875
2015,2,21,8.96861924686193
2015,2,22,9.55458333333333
2015,2,23,9.86166666666667
2015,2,24,8.82875
2015,2,25,8.4275
2015,2,26,8.63004291845494
2015,2,27,8.88173913043478
2015,2,28,8.64886877828054
2015,3,1,8.50625
2015,3,2,8.98248847926267
2015,3,3,9.25497835497836
2015,3,4,9.40625
2015,3,5,10.2334728033473
2015,3,6,9.98739495798319
2015,3,7,9.60045454545454
2015,3,8,9.73715846994535
2015,3,9,10.017094017094
2015,3,10,10.0417391304348
2015,3,11,10.3914163090129
2015,3,12,10.7885106382979
2015,3,13,11.6417721518987
2015,3,14,12.0579166666667
2015,3,15,11.5108786610879
2015,3,16,12.5045833333333
2015,3,17,12.0047008547009
2015,3,18,12.6198237885463
2015,3,19,13.0790598290598
2015,3,20,13.1716101694915
2015,3,21,14.0901785714286
2015,3,22,14.5595744680851
2015,3,23,14.4283333333333
2015,3,24,14.34
2015,3,25,15.1283333333333
2015,3,26,15.6063559322034
2015,3,27,15.1447826086957
2015,3,28,14.6392070484582
2015,3,29,14.2321428571429
2015,3,30,14.3474885844749
2015,3,31,14.808407079646
2015,4,1,15.0941176470588
2015,4,2,15.5686192468619
2015,4,3,16.0421052631579
2015,4,4,15.3
2015,4,5,15.3328947368421
2015,4,6,16.1863829787234
2015,4,7,17.0939393939394
2015,4,8,16.7827731092437
2015,4,9,16.2742358078603
2015,4,10,16.106008583691
2015,4,11,15.9695833333333
2015,4,12,16.8556485355649
2015,4,13,17.5711790393013
2015,4,14,18.0194690265487
2015,4,15,16.9911894273128
2015,4,16,17.2264069264069
2015,4,17,17.6826086956522
2015,4,18,18.4092511013216
2015,4,19,18.9387931034483
2015,4,20,19.1120833333333
2015,4,21,18.4825
2015,4,22,19.2254310344828
2015,4,23,19.461135371179
2015,4,24,19.6277533039648
2015,4,25,19.5121076233184
2015,4,26,19.576
2015,4,27,19.416
2015,4,28,19.3349282296651
2015,4,29,19.5045045045045
2015,4,30,19.2235042735043
2015,5,1,19.3625
2015,5,2,19.1714285714286
2015,5,3,19.8622119815668
2015,5,4,20.2850961538462
2015,5,5,20.7760180995475
2015,5,6,21.4147058823529
2015,5,7,21.5924050632911
2015,5,8,21.868487394958
2015,5,9,21.9071129707113
2015,5,10,21.9079166666667
2015,5,11,21.9785714285714
2015,5,12,21.7323529411765
2015,5,13,22.0911764705882
2015,5,14,22.8217021276596
2015,5,15,22.7564853556485
2015,5,16,23.2974576271186
2015,5,17,23.4508695652174
2015,5,18,23.0429787234043
2015,5,19,23.3092050209205
2015,5,20,24.321186440678
2015,5,21,25.0235294117647
2015,5,22,24.8067226890756
2015,5,23,25.0620833333333
2015,5,24,25.22875
2015,5,25,25.1733333333333
2015,5,26,25.34125
2015,5,27,25.7259414225941
2015,5,28,25.9058333333333
2015,5,29,26.2786610878661
2015,5,30,26.9316666666667
2015,5,31,27.4857740585774
2015,6,1,27.4219730941704
2015,6,2,26.2008368200837
2015,6,3,25.9816666666667
2015,6,4,26.2598326359833
2015,6,5,26.4804166666667
2015,6,6,26.8529166666667
2015,6,7,27.35375
2015,6,8,27.4652719665272
2015,6,9,27.1325
2015,6,10,26.4468619246862
2015,6,11,26.8779166666667
2015,6,12,26.8675
2015,6,13,26.5033333333333
2015,6,14,26.7591666666667
2015,6,15,27.0420833333333
2015,6,16,26.99
2015,6,17,27.0858333333333
2015,6,18,28.3483333333333
2015,6,19,27.197489539749
2015,6,20,26.9979166666667
2015,6,21,27.1379166666667
2015,6,22,27.8420833333333
2015,6,23,28.0583333333333
2015,6,24,27.8375
2015,6,25,27.58875
2015,6,26,27.7516666666667
2015,6,27,27.2741666666667
2015,6,28,27.1933333333333
2015,6,29,27.1904166666667
2015,6,30,27.6270833333333
2015,7,1,27.2716666666667
2015,7,2,27.335
2015,7,3,26.8581589958159
2015,7,4,26.3829166666667
2015,7,5,26.3301255230126
2015,7,6,26.0825
2015,7,7,25.6564220183486
2015,7,8,25.480269058296
2015,7,9,25.7471111111111
2015,7,10,26.4308016877637
2015,7,11,26.3969957081545
2015,7,12,27.0811715481172
2015,7,13,27.7745664739884
2015,7,14,27.1912280701754
2015,7,15,26.1986425339367
2015,7,16,26.3835443037975
2015,7,17,27.8248945147679
2015,7,18,28.5470338983051
2015,7,19,28.45
2015,7,20,27.4413502109705
2015,7,21,26.3779166666667
2015,7,22,26.495
2015,7,23,27.7525
2015,7,24,28.0166666666667
2015,7,25,28.2533333333333
2015,7,26,28.4
2015,7,27,28.895
2015,7,28,29.24375
2015,7,29,29.5891666666667
2015,7,30,29.8242553191489
2015,7,31,30.2175
2015,8,1,29.8404166666667
2015,8,2,29.7470833333333
2015,8,3,29.2433333333333
2015,8,4,28.5266666666667
2015,8,5,28.91875
2015,8,6,28.7766666666667
2015,8,7,28.436974789916
2015,8,8,28.1908333333333
2015,8,9,28.3075
2015,8,10,28.6966666666667
2015,8,11,28.7322175732218
2015,8,12,28.6201680672269
2015,8,13,28.8565
2015,8,14,29.0234309623431
2015,8,15,29.0141666666667
2015,8,16,29.21875
2015,8,17,29.4508333333333
2015,8,18,29.35625
2015,8,19,28.9933333333333
2015,8,20,29.015
2015,8,21,29.2008333333333
2015,8,22,29.24625
2015,8,23,29.4433333333333
2015,8,24,29.78375
2015,8,25,29.55
2015,8,26,29.24625
2015,8,27,29.071921182266
2015,8,28,28.6204166666667
2015,8,29,28.4920833333333
2015,8,30,28.4758333333333
2015,8,31,28.4179166666667
2015,9,1,28.3529166666667
2015,9,2,28.82375
2015,9,3,28.78
2015,9,4,28.7275
2015,9,5,29.0845833333333
2015,9,6,28.97375
2015,9,7,28.7120833333333
2015,9,8,29.1920833333333
2015,9,9,29.11125
2015,9,10,28.9366666666667
2015,9,11,28.8816666666667
2015,9,12,28.7516666666667
2015,9,13,28.3325
2015,9,14,27.9658333333333
2015,9,15,28.0208333333333
2015,9,16,27.585
2015,9,17,27.1079166666667
2015,9,18,26.9033333333333
2015,9,19,27.3233333333333
2015,9,20,27.61875
2015,9,21,27.8816666666667
2015,9,22,27.6525
2015,9,23,26.9766666666667
2015,9,24,26.2475
2015,9,25,25.8716666666667
2015,9,26,25.852719665272
2015,9,27,25.7525
2015,9,28,25.85
2015,9,29,26.6045833333333
2015,9,30,27.13
2015,10,1,27.0566666666667
2015,10,2,25.4766666666667
2015,10,3,25.4658333333333
2015,10,4,25.7483333333333
2015,10,5,25.0945833333333
2015,10,6,24.6020833333333
2015,10,7,24.2179166666667
2015,10,8,24.8391666666667
2015,10,9,25.2079166666667
2015,10,10,25.0708333333333
2015,10,11,24.4195833333333
2015,10,12,24.1158333333333
2015,10,13,24.1620833333333
2015,10,14,24.8191666666667
2015,10,15,24.82875
2015,10,16,24.2533333333333
2015,10,17,23.9366666666667
2015,10,18,22.98875
2015,10,19,22.0004166666667
2015,10,20,21.5079166666667
2015,10,21,22.0198156682028
2015,10,22,22.528
2015,10,23,22.4491666666667
2015,10,24,22.4529166666667
2015,10,25,22.1962343096234
2015,10,26,22.1899581589958
2015,10,27,21.3408333333333
2015,10,28,21.5075
2015,10,29,21.8071428571429
2015,10,30,21.9466666666667
2015,10,31,21.63625
2015,11,1,21.69375
2015,11,2,21.8775
2015,11,3,21.9445833333333
2015,11,4,21.8366666666667
2015,11,5,22.0070833333333
2015,11,6,22.3402542372881
2015,11,7,22.3733333333333
2015,11,8,21.8991666666667
2015,11,9,20.8828451882845
2015,11,10,21.195
2015,11,11,21.1691666666667
2015,11,12,21.3345833333333
2015,11,13,21.4445833333333
2015,11,14,20.67875
2015,11,15,20.4766666666667
2015,11,16,20.43
2015,11,17,20.2791666666667
2015,11,18,20.09375
2015,11,19,20.3241666666667
2015,11,20,20.0533333333333
2015,11,21,19.3866666666667
2015,11,22,19.3429166666667
2015,11,23,17.9558333333333
2015,11,24,17.1870833333333
2015,11,25,17.1041666666667
2015,11,26,16.7761904761905
2015,11,27,17.2425
2015,11,28,17.6733333333333
2015,11,29,18.0743697478992
2015,11,30,18.2548117154812
2015,12,1,18.3170833333333
2015,12,2,18.5279166666667
2015,12,3,19.02875
2015,12,4,18.0091666666667
2015,12,5,16.9183333333333
2015,12,6,16.89125
2015,12,7,16.97
2015,12,8,16.51625
2015,12,9,16.6949790794979
2015,12,10,17.1849372384937
2015,12,11,17.4429166666667
2015,12,12,17.71875
2015,12,13,18.0620833333333
2015,12,14,18.3635983263598
2015,12,15,18.9740585774059
2015,12,16,19.0304166666667
2015,12,17,18.9828451882845
2015,12,18,19.1066666666667
2015,12,19,18.3476987447699
2015,12,20,17.9833333333333
2015,12,21,17.7180672268908
2015,12,22,17.9354166666667
2015,12,23,18.0878661087866
2015,12,24,18.3694560669456
2015,12,25,18.6961538461538
2015,12,26,18.7628318584071
2015,12,27,19.0702898550725
2015,12,28,19.1989130434783
2015,12,29,19.3469827586207
2015,12,30,19.3111111111111
2015,12,31,19.3298245614035
2016,1,1,19.2240174672489
2016,1,2,18.4438053097345
2016,1,3,18.0079646017699
2016,1,4,17.5
2016,1,5,15.7991111111111
2016,1,6,14.9637554585153
2016,1,7,15.0726851851852
2016,1,8,15.2617511520737
2016,1,9,15.4175438596491
2016,1,10,15.7858407079646
2016,1,11,15.4766233766234
2016,1,12,15.090243902439
2016,1,17,14.6426724137931
2016,1,18,13.8432773109244
2016,1,19,13.4428571428571
2016,1,20,13.0481012658228
2016,1,21,13.0378151260504
2016,1,22,12.2728813559322
2016,1,23,11.303829787234
2016,1,24,10.9931330472103
2016,1,25,11.1444444444444
2016,1,26,11.5464135021097
2016,1,27,11.9510548523207
2016,1,28,11.781589958159
2016,1,29,11.8459915611814
2016,1,30,12.0414225941423
2016,1,31,12.3168067226891
2016,2,1,12.5197478991597
2016,2,2,12.8042016806723
2016,2,3,13.3226890756303
2016,2,4,13.1693277310924
2016,2,5,12.7136170212766
2016,2,6,12.3546218487395
2016,2,7,11.6384937238494
2016,2,8,11.4414225941423
2016,2,9,11.7991666666667
2016,2,10,11.2254166666667
2016,2,11,10.9666666666667
2016,2,12,10.8352941176471
2016,2,13,10.3175
2016,2,14,9.58333333333333
2016,2,15,9.14541666666667
2016,2,16,10.0405857740586
2016,2,17,10.4719665271967
2016,2,18,10.6795833333333
2016,2,19,10.5916317991632
2016,2,20,10.7903765690377
2016,2,21,10.93625
2016,2,22,11.1370833333333
2016,2,23,11.8170833333333
2016,2,24,12.1941666666667
2016,2,25,12.0928571428571
2016,2,26,11.8581589958159
2016,2,27,11.7774058577406
2016,2,28,11.9786610878661
2016,2,29,12.4433333333333
2016,3,1,12.7544217687075
2016,3,2,12.7708333333333
2016,3,3,12.5166666666667
2016,3,4,12.6071129707113
2016,3,5,12.3933333333333
2016,3,6,12.8191666666667
2016,3,7,13.2179166666667
2016,3,8,13.3258333333333
2016,3,9,14.1195833333333
2016,3,10,14.528870292887
2016,3,11,14.9425
2016,3,12,15.6933333333333
2016,3,13,15.6245833333333
2016,3,14,15.7280334728033
2016,3,15,15.9304166666667
2016,3,16,16.4606694560669
2016,3,17,16.8158333333333
2016,3,18,17.2970833333333
2016,3,19,17.63
2016,3,20,17.2629166666667
2016,3,21,16.3995815899582
2016,3,22,16.3942477876106
2016,3,23,16.6445833333333
2016,3,24,16.8966666666667
2016,3,25,16.8037656903766
2016,3,26,16.4626050420168
2016,3,27,16.836820083682
2016,3,28,17.0284518828452
2016,3,29,17.2275
2016,3,30,17.75125
2016,3,31,18.2531380753138
2016,4,1,17.7058333333333
2016,4,2,17.1518828451883
2016,4,3,16.935
2016,4,4,17.5818965517241
2016,4,5,17.7383333333333
2016,4,6,17.0558333333333
2016,4,7,17.8366666666667
2016,4,8,17.6329166666667
2016,4,9,17.5055555555556
2016,4,10,17.2227272727273
2016,4,11,17.7769874476987
2016,4,12,17.8154166666667
2016,4,13,17.8429166666667
2016,4,14,17.5825
2016,4,15,17.3295833333333
2016,4,16,17.0529166666667
2016,4,17,17.0848739495798
2016,4,18,17.5154166666667
2016,4,19,17.45875
2016,4,20,17.94375
2016,4,21,18.3333333333333
2016,4,22,18.7740088105727
2016,4,23,18.2929166666667
2016,4,24,18.9066666666667
2016,4,25,19.9329166666667
2016,4,26,19.6483333333333
2016,4,27,19.09125
2016,4,28,19.35125
2016,4,29,19.8816666666667
2016,4,30,20.7125
2016,5,1,20.7283333333333
2016,5,2,20.93125
2016,5,3,20.8329166666667
2016,5,4,20.4033333333333
2016,5,5,20.6066666666667
2016,5,6,20.7383333333333
2016,5,7,20.5594142259414
2016,5,8,20.7933333333333
2016,5,9,21.4533333333333
2016,5,10,21.6205020920502
2016,5,11,21.7393305439331
2016,5,12,21.9983263598326
2016,5,13,22.1654166666667
2016,5,14,22.80625
2016,5,15,22.7258333333333
2016,5,16,22.63
2016,5,17,22.7316666666667
2016,5,18,22.8395833333333
2016,5,19,22.6794979079498
2016,5,20,22.7241666666667
2016,5,21,22.6158333333333
2016,5,22,22.7466666666667
2016,5,23,22.74375
2016,5,24,22.7309623430962
2016,5,25,23.2683982683983
2016,5,26,23.5987447698745
2016,5,27,23.9145833333333
2016,5,28,24.7410041841004
2016,5,29,25.7214285714286
2016,5,30,25.8550420168067
2016,5,31,26.34
2016,6,1,26.4325
2016,6,2,26.5575
2016,6,3,26.2983263598326
2016,6,4,25.5025
2016,6,5,24.6669456066946
2016,6,6,24.2658333333333
2016,6,7,24.37875
2016,6,8,25.0041666666667
2016,6,9,25.4719665271967
2016,6,10,25.896218487395
2016,6,11,26.1675
2016,6,12,26.15375
2016,6,13,26.6949790794979
2016,6,14,26.9733333333333
2016,6,15,27.0292372881356
2016,6,16,27.0754166666667
2016,6,17,27.585
2016,6,18,27.94375
2016,6,19,27.2570833333333
2016,6,20,27.2675
2016,6,21,27.3266666666667
2016,6,22,27.28375
2016,6,23,27.42875
2016,6,24,27.4531380753138
2016,6,25,27.5941666666667
2016,6,26,28.0329166666667
2016,6,27,28.3625
2016,6,28,28.3845833333333
2016,6,29,28.0475
2016,6,30,28.1729166666667
2016,7,1,27.9524017467249
2016,7,2,28.0804166666667
2016,7,3,28.2741666666667
2016,7,4,28.4091666666667
2016,7,5,28.4979166666667
2016,7,6,28.5025
2016,7,7,28.5013333333333
2016,7,8,28.6845188284519
2016,7,9,28.7841666666667
2016,7,10,29.18125
2016,7,11,29.1020833333333
2016,7,12,29.17125
2016,7,13,29.4605381165919
2016,7,14,29.14625
2016,7,15,28.68125
2016,7,16,28.1779166666667
2016,7,17,28.0070833333333
2016,7,18,28.1433333333333
2016,7,19,28.055
2016,7,20,28.14
2016,7,21,28.8279166666667
2016,7,22,29.4175
2016,7,23,28.9478991596639
2016,7,24,28.3858333333333
2016,7,25,27.32
2016,7,26,26.8716666666667
2016,7,27,26.5579166666667
2016,7,28,26.6091666666667
2016,7,29,26.9058333333333
2016,7,30,27.5379166666667
2016,7,31,27.82875
2016,8,1,27.5858333333333
2016,8,2,27.3004166666667
2016,8,3,27.49625
2016,8,4,28.47125
2016,8,5,28.7466666666667
2016,8,6,28.5683333333333
2016,8,7,28.5133891213389
2016,8,8,27.9004166666667
2016,8,9,28.06
2016,8,10,28.91125
2016,8,11,29.5666666666667
2016,8,12,30.0945833333333
2016,8,13,29.1625
2016,8,14,27.5495833333333
2016,8,15,27.4679166666667
2016,8,16,28.1583333333333
2016,8,17,28.72875
2016,8,18,27.67125
2016,8,19,27.3979079497908
2016,8,20,28.0258333333333
2016,8,21,27.84
2016,8,22,27.9745833333333
2016,8,23,29.0208333333333
2016,8,24,28.8329166666667
2016,8,25,28.8675
2016,8,26,29.21375
2016,8,27,29.5383333333333
2016,8,28,29.57125
2016,8,29,29.5541666666667
2016,8,30,29.5770833333333
2016,8,31,29.5425
2016,9,1,29.4216666666667
2016,9,2,29.02
2016,9,3,28.2620833333333
2016,9,4,27.965
2016,9,5,28.0429166666667
2016,9,6,28.0857740585774
2016,9,7,27.8366666666667
2016,9,8,28.0354166666667
2016,9,9,28.2554166666667
2016,9,10,28.2665178571429
2016,9,11,28.2720833333333
2016,9,12,28.3903765690377
2016,9,13,28.1133333333333
2016,9,14,28.0558333333333
2016,9,15,27.8225
2016,9,16,27.5936440677966
2016,9,17,27.76125
2016,9,18,28.0391666666667
2016,9,19,28.3895833333333
2016,9,20,27.945
2016,9,21,27.8275
2016,9,22,28.0454166666667
2016,9,23,27.5806722689076
2016,9,24,27.9195833333333
2016,9,25,28.275
2016,9,26,27.8345833333333
2016,9,27,28.0266666666667
2016,9,28,28.14
2016,9,29,28.0735294117647
2016,9,30,27.7458333333333
2016,10,1,27.5949367088608
2016,10,2,27.7466666666667
2016,10,3,27.7004166666667
2016,10,4,27.21875
2016,10,5,26.4665271966527
2016,10,6,25.8433333333333
2016,10,7,25.8566666666667
2016,10,8,26.22
2016,10,9,24.9283333333333
2016,10,10,24.1720833333333
2016,10,11,23.2408333333333
2016,10,12,23.3583333333333
2016,10,13,23.38375
2016,10,14,23.4199115044248
2016,10,15,23.2479166666667
2016,10,16,23.3979166666667
2016,10,17,23.8595833333333
2016,10,18,23.9140425531915
2016,10,19,24.2295833333333
2016,10,20,24.4658333333333
2016,10,21,24.8758333333333
2016,10,22,23.7175
2016,10,23,22.9729166666667
2016,10,24,22.7090128755365
2016,10,25,22.6090128755365
2016,10,26,22.22625
2016,10,27,22.3629166666667
2016,10,28,22.5393305439331
2016,10,29,22.3441666666667
2016,10,30,22.34625
2016,10,31,22.4883333333333
2016,11,1,21.9908333333333
2016,11,2,22.0879166666667
2016,11,3,22.2200836820084
2016,11,4,22.005
2016,11,5,21.3308333333333
2016,11,6,21.0833333333333
2016,11,7,20.91375
2016,11,8,20.2126637554585
2016,11,9,20.0978632478632
2016,11,10,19.5991666666667
2016,11,11,19.3704166666667
2016,11,12,19.12875
2016,11,13,18.4975
2016,11,14,18.2411016949153
2016,11,15,18.5607142857143
2016,11,16,18.4054166666667
2016,11,17,18.34625
2016,11,18,18.4583333333333
2016,11,19,18.5716666666667
2016,11,20,17.61875
2016,11,21,17.6070833333333
2016,11,22,17.30125
2016,11,23,16.8334728033473
2016,11,24,17.21875
2016,11,25,17.3285714285714
2016,11,26,17.635
2016,11,27,17.07
2016,11,28,16.98875
2016,11,29,17.1604166666667
2016,11,30,17.5213389121339
2016,12,1,18.105
2016,12,2,17.9560669456067
2016,12,3,17.3745833333333
2016,12,4,16.9029166666667
2016,12,5,16.79625
2016,12,6,16.6526086956522
2016,12,7,16.4682008368201
2016,12,8,16.5608333333333
2016,12,9,16.0458333333333
2016,12,10,15.4304166666667
2016,12,11,14.8616666666667
2016,12,12,14.87
2016,12,13,15.0966666666667
2016,12,14,14.8995833333333
2016,12,15,14.475
2016,12,16,13.4033333333333
2016,12,17,13.2196652719665
2016,12,18,13.895
2016,12,19,14.0266666666667
2016,12,20,12.8316455696203
2016,12,21,12.7279166666667
2016,12,22,13.20875
2016,12,23,13.3516666666667
2016,12,24,13.0945833333333
2016,12,25,13.3677824267782
2016,12,26,13.3
2016,12,27,13.6491666666667
2016,12,28,14.2220833333333
2016,12,29,14.3825
2016,12,30,13.6833333333333
2016,12,31,13.4292887029289
2017,1,1,13.7120833333333
2017,1,2,13.92375
2017,1,3,14.1995833333333
2017,1,4,13.99625
2017,1,5,13.7033333333333
2017,1,6,13.60875
2017,1,7,12.7395833333333
2017,1,8,10.9230125523013
2017,1,9,10.0058333333333
2017,1,10,10.0729166666667
2017,1,11,10.77125
2017,1,12,11.6645833333333
2017,1,13,12.2299145299145
2017,1,14,12.3825
2017,1,15,12.3858333333333
2017,1,16,12.475
2017,1,17,12.5633333333333
2017,1,18,12.6539748953975
2017,1,19,12.5241666666667
2017,1,20,12.8808333333333
2017,1,21,12.8316666666667
2017,1,22,12.9029166666667
2017,1,23,13.2366666666667
2017,1,24,12.875
2017,1,25,12.8516666666667
2017,1,26,13.1695833333333
2017,1,27,13.14625
2017,1,28,12.8608333333333
2017,1,29,12.6908333333333
2017,1,30,12.7979166666667
2017,1,31,12.6504166666667
2017,2,1,12.9670833333333
2017,2,2,13.2345833333333
2017,2,3,13.2016806722689
2017,2,4,12.5025
2017,2,5,12.1083333333333
2017,2,6,12.6911764705882
2017,2,7,13.0376569037657
2017,2,8,13.2545833333333
2017,2,9,13.45
2017,2,10,13.2216666666667
2017,2,11,13.3928870292887
2017,2,12,13.8741666666667
2017,2,13,14.0779220779221
2017,2,14,14.0518828451883
2017,2,15,14.3666666666667
2017,2,16,13.6954166666667
2017,2,17,13.71375
2017,2,18,14.147280334728
2017,2,19,14.2520833333333
2017,2,20,14.2370833333333
2017,2,21,15.1070833333333
2017,2,22,15.3117948717949
2017,2,23,15.9729591836735
2017,2,24,16.227731092437
2017,2,25,16.545
2017,2,26,15.2470833333333
2017,2,27,15.2704166666667
2017,2,28,15.9775
2017,3,1,15.7675
2017,3,2,15.5915254237288
2017,3,3,15.24375
2017,3,4,14.88375
2017,3,5,14.897489539749
2017,3,6,14.7845833333333
2017,3,7,15.1729166666667
2017,3,8,15.3084033613445
2017,3,9,15.4470833333333
2017,3,10,15.6629166666667
2017,3,11,15.3188284518828
2017,3,12,15.03
2017,3,13,13.8661087866109
2017,3,14,13.9762376237624
2017,3,15,13.4540697674419
2017,3,16,13.01125
2017,3,17,13.1066666666667
2017,3,18,13.475
2017,3,19,13.3954166666667
2017,3,20,13.3141666666667
2017,3,21,13.95
2017,3,22,14.1753138075314
2017,3,23,13.7845833333333
2017,3,24,13.6504166666667
2017,3,25,14.2279166666667
2017,3,26,14.2279166666667
2017,3,27,14.7254166666667
2017,3,28,14.5871794871795
2017,3,29,15.2654166666667
2017,3,30,16.3697478991597
2017,3,31,16.87375
2017,4,1,16.5058333333333
2017,4,2,16.8895833333333
2017,4,3,17.4930735930736
2017,4,4,17.7538461538462
2017,4,5,17.6235294117647
2017,4,6,17.6782426778243
2017,4,7,17.1120833333333
2017,4,8,16.94625
2017,4,9,17.4229166666667
2017,4,10,18.01125
2017,4,11,18.3520833333333
2017,4,12,18.65875
2017,4,13,19.2322175732218
2017,4,14,20.7429166666667
2017,4,15,21.1425
2017,4,16,20.4008333333333
2017,4,17,19.8316666666667
2017,4,18,20.1854166666667
2017,4,19,20.72875
2017,4,20,21.7213389121339
2017,4,21,21.5016666666667
2017,4,22,21.5389121338912
2017,4,23,21.420920502092
2017,4,24,21.4579166666667
2017,4,25,21.5525
2017,4,26,21.7466666666667
2017,4,27,22.13
2017,4,28,22.2309322033898
2017,4,29,22.2295833333333
2017,4,30,22.23125
2017,5,1,22.04375
2017,5,2,21.8786610878661
2017,5,3,21.9945606694561
2017,5,4,22.8433333333333
2017,5,5,23.0254166666667
2017,5,6,22.45625
2017,5,7,22.3866666666667
2017,5,8,22.43
2017,5,9,22.74375
2017,5,10,23.2093617021277
2017,5,11,23.3848739495798
2017,5,12,23.6091666666667
2017,5,13,23.7154166666667
2017,5,14,23.6120833333333
2017,5,15,23.6929166666667
2017,5,16,24.459243697479
2017,5,17,24.4154166666667
2017,5,18,24.0444444444444
2017,5,19,23.9380753138075
2017,5,20,23.91375
2017,5,21,24.1316666666667
2017,5,22,24.8320833333333
2017,5,23,23.9783333333333
2017,5,24,23.745
2017,5,25,23.9833333333333
2017,5,26,23.7429166666667
2017,5,27,23.99875
2017,5,28,24.5309012875536
2017,5,29,24.7745833333333
2017,5,30,24.8129166666667
2017,5,31,24.605
2017,6,1,25.1654166666667
2017,6,2,25.2429166666667
2017,6,3,25.8095833333333
2017,6,4,25.88375
2017,6,5,25.4041666666667
2017,6,6,25.3470833333333
2017,6,7,25.3083333333333
2017,6,8,24.3441666666667
2017,6,9,24.3325
2017,6,10,24.8220833333333
2017,6,11,25.1895833333333
2017,6,12,25.3220833333333
2017,6,13,25.36
2017,6,14,25.2545833333333
2017,6,15,25.4758333333333
2017,6,16,25.5304166666667
2017,6,17,26.0329166666667
2017,6,18,25.9254166666667
2017,6,19,25.88
2017,6,20,25.7154166666667
2017,6,21,25.78375
2017,6,22,26.0958333333333
2017,6,23,26.29625
2017,6,24,26.5120833333333
2017,6,25,26.61
2017,6,26,26.615
2017,6,27,27.125
2017,6,28,27.0020833333333
2017,6,29,27.3804166666667
2017,6,30,27.69875
2017,7,1,27.0783333333333
2017,7,2,26.85625
2017,7,3,26.76125
2017,7,4,26.5854166666667
2017,7,5,26.3358333333333
2017,7,6,26.0916666666667
2017,7,7,26.0908333333333
2017,7,8,25.6783898305085
2017,7,9,25.28
2017,7,10,25.6811881188119
2017,7,11,25.7141666666667
2017,7,12,26.2083333333333
2017,7,13,26.77125
2017,7,14,26.72
2017,7,15,26.7683333333333
2017,7,16,26.6629166666667
2017,7,17,26.4408333333333
2017,7,18,26.5266666666667
2017,7,19,26.85
2017,7,20,27.2791666666667
2017,7,21,27.06375
2017,7,22,26.5379166666667
2017,7,23,26.1183333333333
2017,7,24,26.3245833333333
2017,7,25,27.265
2017,7,26,27.7916666666667
2017,7,27,28.1541666666667
2017,7,28,28.2054166666667
2017,7,29,28.0083333333333
2017,7,30,27.5358333333333
2017,7,31,27.5695833333333
2017,8,1,27.59375
2017,8,2,27.8754166666667
2017,8,3,28.0583333333333
2017,8,4,27.9333333333333
2017,8,5,27.8145833333333
2017,8,6,28.145
2017,8,7,28.4983333333333
2017,8,8,28.13
2017,8,9,27.7054166666667
2017,8,10,27.4839662447257
2017,8,11,27.8271186440678
2017,8,12,28.00375
2017,8,13,28.075
2017,8,14,28.4370833333333
2017,8,15,28.6729166666667
2017,8,16,28.6795833333333
2017,8,17,29.0795833333333
2017,8,18,28.8729166666667
2017,8,19,28.7841666666667
2017,8,20,28.9233333333333
2017,8,21,29.5875
2017,8,22,29.6075
2017,8,23,29.2416666666667
2017,8,24,28.55125
2017,8,25,28.47875
2017,8,26,28.74875
2017,8,27,28.49875
2017,8,28,27.8179166666667
2017,8,29,27.53125
2017,8,30,27.3045833333333
2017,8,31,27.4916666666667
2017,9,1,27.85875
2017,9,2,28.0991666666667
2017,9,3,27.7741666666667
2017,9,4,27.8925
2017,9,5,28.0395833333333
2017,9,6,27.8866666666667
2017,9,7,27.4170833333333
2017,9,8,27.2304166666667
2017,9,9,26.70375
2017,9,10,25.6770833333333
2017,9,11,24.8233333333333
2017,9,12,24.9591666666667
2017,9,13,25.6475
2017,9,14,25.91125
2017,9,15,26.1320833333333
2017,9,16,26.7725
2017,9,17,26.9833333333333
2017,9,18,26.6983333333333
2017,9,19,26.5183333333333
2017,9,20,26.6004166666667
2017,9,21,26.965
2017,9,22,27.2729166666667
2017,9,23,27.5270833333333
2017,9,24,27.455
2017,9,25,27.0791666666667
2017,9,26,26.7479166666667
2017,9,27,26.635
2017,9,28,27.0108333333333
2017,9,29,26.7301255230126
2017,9,30,26.2766666666667
2017,10,1,25.4
2017,10,2,24.99
2017,10,3,24.6904166666667
2017,10,4,24.5283333333333
2017,10,5,24.475
2017,10,6,24.8729166666667
2017,10,7,25.5208333333333
2017,10,8,25.92625
2017,10,9,25.7366666666667
2017,10,10,25.1858333333333
2017,10,11,25.19336492891
2017,10,12,25.4131455399061
2017,10,13,25.775
2017,10,14,25.7308333333333
2017,10,15,25.6370833333333
2017,10,16,25.8354166666667
2017,10,17,24.4720833333333
2017,10,18,23.5875
2017,10,19,23.4449275362319
2017,10,20,23.7929166666667
2017,10,21,23.8846808510638
2017,10,22,23.8729166666667
2017,10,23,24.11625
2017,10,24,24.13875
2017,10,25,23.7054166666667
2017,10,26,23.07875
2017,10,27,22.795
2017,10,28,22.8258333333333
2017,10,29,22.9558333333333
2017,10,30,21.605
2017,10,31,21.4216666666667
2017,11,1,21.5095833333333
2017,11,2,21.7266666666667
2017,11,3,21.9183333333333
2017,11,4,22.0694560669456
2017,11,5,22.0466666666667
2017,11,6,22.08875
2017,11,7,22.12125
2017,11,8,21.8593220338983
2017,11,9,20.8508333333333
2017,11,10,20.4766666666667
2017,11,11,19.315
2017,11,12,18.5891666666667
2017,11,13,18.7445833333333
2017,11,14,18.1804166666667
2017,11,15,17.6383333333333
2017,11,16,17.5604166666667
2017,11,17,17.2016666666667
2017,11,18,17.09375
2017,11,19,17.6020833333333
2017,11,20,17.06125
2017,11,21,16.9928571428571
2017,11,22,17.2858333333333
2017,11,23,16.8429166666667
2017,11,24,16.27125
2017,11,25,16.0745833333333
2017,11,26,16.07875
2017,11,27,16.0304166666667
2017,11,28,16.2491666666667
2017,11,29,16.5504166666667
2017,11,30,16.6623430962343
2017,12,1,16.8729166666667
2017,12,2,16.6166666666667
2017,12,3,16.3820083682008
2017,12,4,16.4066945606695
2017,12,5,16.4583333333333
2017,12,6,16.70125
2017,12,7,16.3733333333333
2017,12,8,15.7595833333333
2017,12,9,14.61125
2017,12,10,14.12625
2017,12,11,13.8658333333333
2017,12,12,14.3325
2017,12,13,13.7016666666667
2017,12,14,13.4190677966102
2017,12,15,13.33875
2017,12,16,13.2493617021277
2017,12,17,13.325
2017,12,18,13.7020833333333
2017,12,19,13.7570833333333
2017,12,20,13.9995833333333
2017,12,21,14.0170833333333
2017,12,22,13.8004166666667
2017,12,23,13.9608333333333
2017,12,24,14.3958333333333
2017,12,25,14.2541666666667
2017,12,26,13.5283333333333
2017,12,27,13.0145833333333
2017,12,28,12.15875
2017,12,29,11.03125
2017,12,30,10.8366666666667
2017,12,31,11.06625
2018,1,1,9.71083333333333
2018,1,2,8.61708333333333
2018,1,3,8.22458333333333
2018,1,4,7.45666666666667
2018,1,5,7.29875
2018,1,6,7.14833333333333
2018,1,7,6.65583333333333
2018,1,8,6.42833333333333
2018,1,9,7.11875
2018,1,10,7.64
2018,1,11,7.97166666666667
2018,1,12,8.59125
2018,1,13,8.6875
2018,1,14,8.09166666666667
2018,1,15,7.73125
2018,1,16,7.74327731092437
2018,1,17,8.05125
2018,1,18,8.2
2018,1,19,8.39086956521739
2018,1,20,8.89493670886076
2018,1,21,9.33708333333333
2018,1,22,9.52689075630252
2018,1,23,9.79747899159664
2018,1,24,10.0906779661017
2018,1,25,10.0058333333333
2018,1,26,9.93458333333333
2018,1,27,10.0554166666667
2018,1,28,10.2520833333333
2018,1,29,10.70625
2018,1,30,10.4333333333333
2018,1,31,9.90416666666667
2018,2,1,10.1779166666667
2018,2,2,10.435
2018,2,3,9.95125
2018,2,4,9.76125
2018,2,5,10.3491666666667
2018,2,6,10.7479166666667
2018,2,7,11.1129166666667
2018,2,8,10.6858333333333
2018,2,9,10.9595833333333
2018,2,10,11.7070833333333
2018,2,11,11.8829166666667
2018,2,12,11.2608333333333
2018,2,13,11.7375
2018,2,14,11.4004219409283
2018,2,15,12.4723849372385
2018,2,16,12.3375
2018,2,17,12.7791666666667
2018,2,18,12.7508333333333
2018,2,19,13.1275
2018,2,20,13.5516666666667
2018,2,21,14.07
2018,2,22,13.51625
2018,2,23,13.6475
2018,2,24,14.4554166666667
2018,2,25,13.45875
2018,2,26,13.7425
2018,2,27,14.1679166666667
2018,2,28,14.2141666666667
2018,3,1,14.4829166666667
2018,3,2,14.2641666666667
2018,3,3,13.6916666666667
2018,3,4,13.2679166666667
2018,3,5,13.3299578059072
2018,3,6,13.2891666666667
2018,3,7,13.615
2018,3,8,13.3175
2018,3,9,13.1241666666667
2018,3,10,13.2275
2018,3,11,13.7229166666667
2018,3,12,13.83625
2018,3,13,13.1054166666667
2018,3,14,13.04625
2018,3,15,12.7275
2018,3,16,12.9623430962343
2018,3,17,13.18
2018,3,18,13.6608333333333
2018,3,19,13.8929166666667
2018,3,20,14.2954166666667
2018,3,21,13.7529166666667
2018,3,22,13.1429166666667
2018,3,23,13.0729166666667
2018,3,24,13.0995833333333
2018,3,25,12.6579166666667
2018,3,26,11.9782426778243
2018,3,27,12.1329166666667
2018,3,28,12.5695833333333
2018,3,29,13.1158333333333
2018,3,30,13.395
2018,3,31,13.60875
2018,4,1,14.1595833333333
2018,4,2,14.5695833333333
2018,4,3,15.0020833333333
2018,4,4,15.1594142259414
2018,4,5,14.6054166666667
2018,4,6,15.2416666666667
2018,4,7,15.0539473684211
2018,4,8,14.4495833333333
2018,4,9,14.8545833333333
2018,4,10,14.4254166666667
2018,4,11,14.3835443037975
2018,4,12,14.9979079497908
2018,4,13,15.35
2018,4,14,15.5591666666667
2018,4,15,15.5029166666667
2018,4,16,15.9204166666667
2018,4,17,15.25
2018,4,18,15.63875
2018,4,19,16.19125
2018,4,20,16.275
2018,4,21,16.8708333333333
2018,4,22,17.5125
2018,4,23,17.6604166666667
2018,4,24,17.4991666666667
2018,4,25,17.7333333333333
2018,4,26,18.1191666666667
2018,4,27,18.48875
2018,4,28,17.9854166666667
2018,4,29,17.7266666666667
2018,4,30,18.7175
2018,5,1,18.2129707112971
2018,5,2,17.8325
2018,5,3,18.3183333333333
2018,5,4,18.9916666666667
2018,5,5,19.5483333333333
2018,5,6,20.075
2018,5,7,19.8117647058824
2018,5,8,20.4743697478992
2018,5,9,20.8825
2018,5,10,21.5973094170404
2018,5,11,21.655
2018,5,12,22.0106837606838
2018,5,13,21.5389121338912
2018,5,14,21.0329166666667
2018,5,15,21.0389121338912
2018,5,16,21.7025
2018,5,17,21.0354166666667
2018,5,18,21.55
2018,5,19,21.79625
2018,5,20,21.7608333333333
2018,5,21,22.0383333333333
2018,5,22,22.4920833333333
2018,5,23,22.2141666666667
2018,5,24,22.3733333333333
2018,5,25,23.6366666666667
2018,5,26,23.85875
2018,5,27,23.12
2018,5,28,23.4679166666667
2018,5,29,23.69375
2018,5,30,23.7904166666667
2018,5,31,23.8945833333333
2018,6,1,23.79
2018,6,2,23.9733333333333
2018,6,3,24.2791666666667
2018,6,4,24.3879166666667
2018,6,5,25.33375
2018,6,6,25.5258333333333
2018,6,7,25.5433333333333
2018,6,8,27.4096234309623
2018,6,9,27.4384937238494
2018,6,10,27.41125
2018,6,11,27.13
2018,6,12,26.9541666666667
2018,6,13,27.1104166666667
2018,6,14,27.18125
2018,6,15,27.5283333333333
2018,6,16,28.2433333333333
2018,6,17,28.2491666666667
2018,6,18,27.3183333333333
2018,6,19,26.26625
2018,6,20,26.6825
2018,6,21,26.6563025210084
2018,6,22,26.6845188284519
2018,6,23,26.6420168067227
2018,6,24,26.5616666666667
2018,6,25,26.7245833333333
2018,6,26,26.9808333333333
2018,6,27,27.63125
2018,6,28,27.6707112970711
2018,6,29,27.3823529411765
2018,6,30,27.7716666666667
2018,7,1,28.4133891213389
2018,7,2,29.1941666666667
2018,7,3,29.8141666666667
2018,7,4,30.4316666666667
2018,7,5,30.7804166666667
2018,7,6,31.1695833333333
2018,7,7,30.57
2018,7,8,29.62375
2018,7,9,28.9720833333333
2018,7,10,28.7966666666667
2018,7,11,29.0366666666667
2018,7,12,29.05875
2018,7,13,28.9858333333333
2018,7,14,29.2858333333333
2018,7,15,29.5029166666667
2018,7,16,29.7129166666667
2018,7,17,29.5316666666667
2018,7,18,29.1670833333333
2018,7,19,29.2454166666667
2018,7,20,29.0870833333333
2018,7,21,28.71375
2018,7,22,29.1566666666667
2018,7,23,28.9309623430962
2018,7,24,28.5891666666667
2018,7,25,28.54375
2018,7,26,28.7635983263598
2018,7,27,28.6354166666667
2018,7,28,28.58875
2018,7,29,28.6690376569038
2018,7,30,28.3895833333333
2018,7,31,28.2879746835443
2018,8,1,28.2082969432314
2018,8,2,27.8755274261603
2018,8,3,27.21375
2018,8,4,27.0572033898305
2018,8,5,27.2271966527197
2018,8,6,27.3298319327731
2018,8,7,27.3195833333333
2018,8,8,27.3686440677966
2018,8,9,27.2485355648536
2018,8,10,27.6675105485232
2018,8,11,28.1550420168067
2018,8,12,27.5670833333333
2018,8,13,27.355230125523
2018,8,14,27.923829787234
2018,8,15,27.6932773109244
2018,8,16,26.92
2018,8,17,26.5016736401674
2018,8,18,26.3625
2018,8,19,26.2983263598326
2018,8,20,26.7866666666667
2018,8,21,26.8820627802691
2018,8,22,25.79
2018,8,23,25.4585152838428
2018,8,24,26.6633333333333
2018,8,25,27.13625
2018,8,26,27.9165680473373
2018,8,27,28.18125
2018,8,28,28.1384937238494
2018,8,29,27.6533333333333
2018,8,30,27.5836820083682
2018,8,31,27.6974683544304
2018,9,1,27.9422594142259
2018,9,2,28.4271966527197
2018,9,3,29.4497907949791
2018,9,4,29.7539748953975
2018,9,5,30.1050632911392
2018,9,6,30.335
2018,9,7,30.3995815899582
2018,9,8,30.4521008403361
2018,9,9,30.555
2018,9,10,30.5919831223629
2018,9,11,30.4820083682008
2018,9,12,30.4521008403361
2018,9,13,29.6478991596639
2018,9,14,28.1725738396624
2018,9,15,27.4536170212766
2018,9,16,26.6887029288703
2018,9,17,26.7323529411765
2018,9,18,27.6506276150628
2018,9,19,27.965811965812
2018,9,20,28.1636752136752
2018,9,21,28.2732394366197
2018,9,22,28.2138655462185
2018,9,23,28.3844537815126
2018,9,24,28.3772151898734
2018,9,25,28.2125
2018,9,26,28.779746835443
2018,9,27,28.8251046025105
2018,9,28,28.4112970711297
2018,9,29,28.1759493670886
2018,9,30,27.921186440678
2018,10,1,27.6046218487395
2018,10,2,27.9392405063291
2018,10,3,28.2301724137931
2018,10,4,27.9224576271186
2018,10,5,28.1824468085106
2018,10,6,28.3166666666667
2018,10,7,28.4254166666667
2018,10,8,28.645
2018,10,9,27.9420833333333
2018,10,10,27.80625
2018,10,11,27.8658333333333
2018,10,12,27.475
2018,10,13,27.17625
2018,10,14,26.42375
2018,10,15,26.1954166666667
2018,10,16,26.5979166666667
2018,10,17,26.8895833333333
2018,10,18,25.9979166666667
2018,10,19,24.99875
2018,10,20,25.34875
2018,10,21,24.4570833333333
2018,10,22,23.4458333333333
2018,10,23,23.82625
2018,10,24,23.3441666666667
2018,10,25,22.3191666666667
2018,10,26,21.4915611814346
2018,10,27,21.2158333333333
2018,10,28,20.82
2018,10,29,20.7420833333333
2018,10,30,20.34125
2018,10,31,20.6570833333333
2018,11,1,21.2452173913043
2018,11,2,22.0225
2018,11,3,22.14375
2018,11,4,21.32375
2018,11,5,20.9493723849372
2018,11,6,21.51125
2018,11,7,21.9620833333333
2018,11,8,21.9825
2018,11,9,21.3279166666667
2018,11,10,21.3520833333333
2018,11,11,19.8054166666667
2018,11,12,19.2854166666667
2018,11,13,19.7229166666667
2018,11,14,19.5845833333333
2018,11,15,18.7525210084034
2018,11,16,18.58125
2018,11,17,18.8225
2018,11,18,18.4183333333333
2018,11,19,18.6533333333333
2018,11,20,18.8591666666667
2018,11,21,19.2445833333333
2018,11,22,18.3708333333333
2018,11,23,17.0066666666667
2018,11,24,17.1079166666667
2018,11,25,17.9595833333333
2018,11,26,18.4070833333333
2018,11,27,19.66
2018,11,28,19.9566666666667
2018,11,29,19.24375
2018,11,30,19.1970833333333
2018,12,1,19.5895833333333
2018,12,2,19.9291666666667
2018,12,3,20.6941666666667
2018,12,4,20.44375
2018,12,5,20.2120833333333
2018,12,6,19.47875
2018,12,7,19.4514644351464
2018,12,8,18.7141666666667
2018,12,9,17.5425
2018,12,10,17.0841666666667
2018,12,11,16.5941422594142
2018,12,12,17.0768240343348
2018,12,13,16.940243902439
2018,12,14,16.9966101694915
2018,12,15,17.5863247863248
2018,12,16,18.7042194092827
2018,12,17,19.6182978723404
2018,12,18,19.7163179916318
2018,12,19,19.5979166666667
2018,12,20,20.0502109704641
2018,12,21,20.5904306220096
2018,12,22,20.3211206896552
2018,12,23,20.3
2018,12,24,20.3
2018,12,25,20.3
2018,12,26,20.3
2018,12,27,20.3
2018,12,28,20.3
2018,12,29,20.3
2018,12,30,20.3
2018,12,31,20.3
2019,1,1,20.3
2019,1,2,20.3
2019,1,3,20.3
2019,1,4,20.3
2019,1,5,20.3
2019,1,6,20.3
2019,1,7,20.3
2019,1,8,20.3
2019,1,9,20.3
2019,1,10,20.3
2019,1,11,20.3
2019,1,12,20.3
2019,1,13,20.3
2019,1,14,20.3
2019,1,15,20.3
2019,1,16,20.3
2019,1,17,20.3
2019,1,18,20.3
2019,1,19,20.3
2019,1,20,20.3
2019,1,21,20.3
2019,1,22,20.3
2019,1,23,20.3
2019,1,24,20.3
2019,1,25,20.3
2019,1,26,20.3
2019,1,27,20.3
2019,1,28,20.3
2019,1,29,20.3
2019,1,30,20.3
2019,1,31,20.3
2019,2,1,20.3
2019,2,2,20.3
2019,2,3,20.3
2019,2,4,20.3
2019,2,5,20.3
2019,2,6,20.3
2019,2,7,20.3
2019,2,8,20.3
2019,2,9,20.3
2019,2,10,20.3
2019,2,11,20.3
2019,2,12,20.3
2019,2,13,20.3
2019,2,14,14.9346456692913
2019,2,15,12.1475
2019,2,16,12.0145833333333
2019,2,17,11.7359832635983
2019,2,18,11.9924686192469
2019,2,19,11.8376569037657
2019,2,20,11.2071129707113
2019,2,21,11.6836134453782
2019,2,22,12.2823529411765
2019,2,23,12.2479166666667
2019,2,24,12.4270833333333
2019,2,25,12.0737288135593
2019,2,26,12.2786610878661
2019,2,27,12.81589958159
2019,2,28,12.7416666666667
2019,3,1,13.4283333333333
2019,3,2,13.37375
2019,3,3,13.80375
2019,3,4,13.7142259414226
2019,3,5,13.0322175732218
2019,3,6,12.3779166666667
2019,3,7,12.1095833333333
2019,3,8,12.6063025210084
2019,3,9,12.8845833333333
2019,3,10,13.0554166666667
2019,3,11,13.1620253164557
2019,3,12,13.6066666666667
2019,3,13,13.9147679324895
2019,3,14,14.3704845814978
2019,3,15,14.0870833333333
2019,3,16,13.7552742616034
2019,3,17,13.626359832636
2019,3,18,13.8695833333333
2019,3,19,13.6510460251046
2019,3,20,13.127731092437
2019,3,21,13.1694560669456
2019,3,22,13.2708333333333
2019,3,23,13.3610878661088
2019,3,24,13.8520833333333
2019,3,25,14.36125
2019,3,26,14.0879166666667
2019,3,27,13.4716666666667
2019,3,28,13.5081896551724
2019,3,29,14.47625
2019,3,30,14.4129166666667
2019,3,31,14.1304166666667
2019,4,1,13.7991596638655
2019,4,2,13.20875
2019,4,3,13.0979166666667
2019,4,4,14.0025
2019,4,5,14.56875
2019,4,6,14.9675
2019,4,7,15.9577405857741
2019,4,8,16.51
2019,4,9,14.8283333333333
2019,4,10,15.23625
2019,4,11,16.6045833333333
2019,4,12,17.87
2019,4,13,18.1929166666667
2019,4,14,18.33625
2019,4,15,16.6766666666667
2019,4,16,16.0108786610879
2019,4,17,16.8629166666667
2019,4,18,16.8845833333333
2019,4,19,16.84
2019,4,20,16.6004166666667
2019,4,21,17.3694560669456
2019,4,22,18.1816666666667
2019,4,23,18.6945833333333
2019,4,24,19.68
2019,4,25,20.03875
2019,4,26,20.1025
2019,4,27,19.8245833333333
2019,4,28,19.9869198312236
2019,4,29,20.2329166666667
2019,4,30,20.8308333333333
2019,5,1,21.1333333333333
2019,5,2,21.2770833333333
2019,5,3,21.2861344537815
2019,5,4,21.4259414225941
2019,5,5,20.6125523012552
2019,5,6,20.78625
2019,5,7,21.940756302521
2019,5,8,22.7451882845188
2019,5,9,23.2101265822785
2019,5,10,23.7310924369748
2019,5,11,22.6845833333333
2019,5,12,21.3828451882845
2019,5,13,20.8870292887029
2019,5,14,20.9610878661088
2019,5,15,20.9075313807531
2019,5,16,21.2429166666667
2019,5,17,21.5429166666667
2019,5,18,22.1773109243697
2019,5,19,22.6775
2019,5,20,23.1408333333333
2019,5,21,23.6175
2019,5,22,24.34375
2019,5,23,24.4225941422594
2019,5,24,24.2741666666667
2019,5,25,24.7416666666667
2019,5,26,25.4485355648536
2019,5,27,24.5104166666667
2019,5,28,25.7854166666667
2019,5,29,24.8016806722689
2019,5,30,24.1225
2019,5,31,24.1359832635983
2019,6,1,24.1710084033613
2019,6,2,25.0680672268908
2019,6,3,25.3121338912134
2019,6,4,25.77875
2019,6,5,25.7600896860987
2019,6,6,25.2716666666667
2019,6,7,24.9275
2019,6,8,25.2595833333333
2019,6,9,25.8475
2019,6,10,25.8866666666667
2019,6,11,24.8041841004184
2019,6,12,24.66625
2019,6,13,24.7323529411765
2019,6,14,24.9322175732218
2019,6,15,25.2949790794979
2019,6,16,25.44
2019,6,17,25.7378151260504
2019,6,18,26.0204166666667
2019,6,19,25.7076595744681
2019,6,20,25.4264705882353
2019,6,21,25.0429166666667
2019,6,22,25.4483333333333
2019,6,23,26.1325
2019,6,24,26.1354430379747
2019,6,25,26.2912133891213
2019,6,26,27.0425
2019,6,27,27.4549504950495
2019,6,28,27.6506382978723
2019,6,29,27.522268907563
2019,6,30,25.5380341880342
2019,7,1,25.7974248927039
2019,7,2,27.2879166666667
2019,7,3,26.18875
2019,7,4,26.3008368200837
2019,7,5,26.2083700440529
2019,7,6,26.2300847457627
2019,7,7,26.318220338983
2019,7,8,26.0350210970464
2019,7,9,26.1741228070175
2019,7,10,27.0039130434783
2019,7,11,27.2652173913043
2019,7,12,26.8870689655172
2019,7,13,26.4952380952381
2019,7,14,26.1113043478261
2019,7,15,26.721645021645
2019,7,16,27.4078947368421
2019,7,17,26.5348017621145
2019,7,18,25.6831168831169
2019,7,19,25.8699570815451
2019,7,20,26.3973913043478
2019,7,21,26.6279475982533
2019,7,22,26.7269230769231
2019,7,23,26.4105485232068
2019,7,24,25.7519313304721
2019,7,25,26.1830508474576
2019,7,26,26.8235294117647
2019,7,27,27.0344680851064
2019,7,28,27.2842553191489
2019,7,29,27.3655319148936
2019,7,30,27.4893162393162
2019,7,31,27.8508695652174
2019,8,1,28.2489270386266
2019,8,2,27.7970212765957
2019,8,3,27.4620087336245
2019,8,4,27.680686695279
2019,8,5,28.0171673819743
2019,8,6,27.9
2019,8,7,27.8619246861925
2019,8,8,27.9413793103448
2019,8,9,28.1295358649789
2019,8,10,28.3593220338983
2019,8,11,28.6077253218884
2019,8,12,28.9940928270042
2019,8,13,29.3163090128755
2019,8,14,29.2253164556962
2019,8,15,28.5110169491525
2019,8,16,28.3599156118143
2019,8,17,28.2331914893617
2019,8,18,28.2260504201681
2019,8,19,28.574678111588
2019,8,20,28.6877637130802
2019,8,21,28.8051282051282
2019,8,22,28.8674008810573
2019,8,23,28.9944680851064
2019,8,24,29.0519313304721
2019,8,25,28.4449579831933
2019,8,26,27.8736170212766
2019,8,27,27.9829166666667
2019,8,28,28.2567796610169
2019,8,29,28.0911016949153
2019,8,30,28.3696202531646
2019,8,31,28.3995762711864
2019,9,1,27.836170212766
2019,9,2,27.5021008403361
2019,9,3,27.8800847457627
2019,9,4,28.1079295154185
2019,9,5,27.3715481171548
2019,9,6,26.8266949152542
2019,9,7,27.2841201716738
2019,9,8,27.6161016949153
2019,9,9,27.38669527897
2019,9,10,27.803781512605
2019,9,11,28.1384210526316
2019,9,12,28.5126086956522
2019,9,13,28.765811965812
2019,9,14,28.2798283261803
2019,9,15,28.3857142857143
2019,9,16,28.5330508474576
2019,9,17,28.2506329113924
2019,9,18,27.4381578947368
2019,9,19,26.3048245614035
2019,9,20,25.9801762114537
2019,9,21,26.2362068965517
2019,9,22,26.5012711864407
2019,9,23,26.4680672268908
2019,9,24,26.3685106382979
2019,9,25,26.7861471861472
2019,9,26,26.6907172995781
2019,9,27,26.7346153846154
2019,9,28,26.8614406779661
2019,9,29,26.9795652173913
2019,9,30,27.2915254237288
2019,10,1,27.2242424242424
2019,10,2,27.3446808510638
2019,10,3,27.3651063829787
2019,10,4,27.1378723404255
2019,10,5,26.4610169491525
2019,10,6,25.7375
2019,10,7,25.5175732217573
2019,10,8,25.5617021276596
2019,10,9,24.5102564102564
2019,10,10,23.9690376569038
2019,10,11,23.6668085106383
2019,10,12,23.8033333333333
2019,10,13,24.0944915254237
2019,10,14,24.4379746835443
2019,10,15,23.9802521008403
2019,10,16,23.7329113924051
2019,10,17,23.3089743589744
2019,10,18,22.8322175732218
2019,10,19,22.5566666666667
2019,10,20,22.4054393305439
2019,10,21,22.2126050420168
2019,10,22,22.3100840336134
2019,10,23,22.11625
2019,10,24,21.8448275862069
2019,10,25,21.7675
2019,10,26,22.2481171548117
2019,10,27,22.6728033472803
2019,10,28,22.6540425531915
2019,10,29,22.6313559322034
2019,10,30,22.8508403361345
2019,10,31,23.2599156118143
2019,11,1,22.4208510638298
2019,11,2,21.2546610169492
2019,11,3,20.6668067226891
2019,11,4,20.2401746724891
2019,11,5,20.4558951965065
2019,11,6,20.3817391304348
2019,11,7,20.0397379912664
2019,11,8,19.7839826839827
2019,11,9,18.4152173913043
2019,11,10,18.2445887445887
2019,11,11,18.592576419214
2019,11,12,18.4359307359307
2019,11,13,16.9939130434783
2019,11,14,16.0287553648069
2019,11,15,15.6051948051948
2019,11,16,15.0659574468085
2019,11,17,14.5623376623377
2019,11,18,14.4226666666667
2019,11,19,14.1673728813559
2019,11,20,14.0844444444444
2019,11,21,14.1112068965517
2019,11,22,14.4224137931034
2019,11,23,14.6421739130435
2019,11,24,14.9393939393939
2019,11,25,14.9339622641509
2019,11,26,15.2424892703863
2019,11,27,15.2347826086957
2019,11,28,15.1650442477876
2019,11,29,14.5877729257642
2019,11,30,14.6995708154506
2019,12,1,14.7061403508772
2019,12,2,14.8676724137931
2019,12,3,14.2030303030303
2019,12,4,13.9263392857143
2019,12,5,13.7559829059829
2019,12,6,13.7973913043478
2019,12,7,14.0510638297872
2019,12,8,13.0238095238095
2019,12,9,13.2246575342466
2019,12,10,13.7644736842105
2019,12,11,13.9349137931034
2019,12,12,13.0038626609442
2019,12,13,12.6796460176991
2019,12,14,13.1561403508772
2019,12,15,13.0117903930131
2019,12,16,13.3274336283186
2019,12,17,13.5318965517241
2019,12,18,13.2795744680851
2019,12,19,12.4455696202532
2019,12,20,11.7725738396624
2019,12,21,11.6085106382979
2019,12,22,11.1559322033898
2019,12,23,11.2789029535865
2019,12,24,11.936974789916
2019,12,25,11.8932773109244
2019,12,26,12.2697478991597
2019,12,27,12.6978991596639
2019,12,28,13.1558823529412
2019,12,29,13.6004184100418
2019,12,30,13.2891666666667
2019,12,31,12.9395833333333
2020,1,1,12.5405063291139
2020,1,2,12.2225941422594
2020,1,3,12.6983263598326
2020,1,4,13.7512605042017
2020,1,5,13.3183333333333
2020,1,6,13.6807531380753
2020,1,7,14.0273109243697
2020,1,8,13.7680672268908
2020,1,9,13.436170212766
2020,1,10,13.3535564853556
2020,1,11,13.7338912133891
2020,1,12,13.8835443037975
2020,1,13,14.1133333333333
2020,1,14,14.2479166666667
2020,1,15,14.4046218487395
2020,1,16,14.3691983122363
2020,1,17,13.6670886075949
2020,1,18,12.8919831223629
2020,1,19,13.3514644351464
2020,1,20,12.5382352941176
2020,1,21,11.5605042016807
2020,1,22,10.3927966101695
2020,1,23,10.4411016949153
2020,1,24,10.9338912133891
2020,1,25,11.479079497908
2020,1,26,11.395
2020,1,27,11.3802521008403
2020,1,28,11.4129707112971
2020,1,29,11.4205882352941
2020,1,30,11.2774058577406
2020,1,31,10.7371179039301
2020,2,1,10.6326359832636
2020,2,2,10.7764192139738
2020,2,3,11.0143459915612
2020,2,4,11.3063025210084
2020,2,5,11.6292887029289
2020,2,6,11.8559322033898
2020,2,7,12.0112970711297
2020,2,8,11.7596638655462
2020,2,9,12.1129707112971
2020,2,10,12.4058333333333
2020,2,11,12.6983122362869
2020,2,12,13.2271966527197
2020,2,13,13.6479166666667
2020,2,14,13.4747899159664
2020,2,15,12.821186440678
2020,2,16,12.5870292887029
2020,2,17,12.8405857740586
2020,2,18,13.1623430962343
2020,2,19,13.0920168067227
2020,2,20,12.41589958159
2020,2,21,10.9337552742616
2020,2,22,10.0849372384937
2020,2,23,10.8096234309623
2020,2,24,11.5058333333333
2020,2,25,11.6916666666667
2020,2,26,11.9197478991597
2020,2,27,11.9234309623431
2020,2,28,11.8470833333333
2020,2,29,11.8325
2020,3,1,11.7983333333333
2020,3,2,12.3629166666667
2020,3,3,12.6870292887029
2020,3,4,13.1066666666667
2020,3,5,13.0523012552301
2020,3,6,12.7204166666667
2020,3,7,12.4133333333333
2020,3,8,12.2858333333333
2020,3,9,12.7616666666667
2020,3,10,13.1508333333333
2020,3,11,13.3856540084388
2020,3,12,13.5716666666667
2020,3,13,13.6208333333333
2020,3,14,14.0670833333333
2020,3,15,14.2466666666667
2020,3,16,13.9071129707113
2020,3,17,14.5445833333333
2020,3,18,14.5297071129707
2020,3,19,15.77625
2020,3,20,14.5070833333333
2020,3,21,14.9041666666667
2020,3,22,14.93
2020,3,23,14.48125
2020,3,24,14.89875
2020,3,25,14.85
2020,3,26,15.1429166666667
2020,3,27,15.5504166666667
2020,3,28,15.7566666666667
2020,3,29,16.28125
2020,3,30,16.6925
2020,3,31,16.8720833333333
2020,4,1,16.0195833333333
2020,4,2,15.6672268907563
2020,4,3,15.5647058823529
2020,4,4,15.9802521008403
2020,4,5,16.6016806722689
2020,4,6,16.9778242677824
2020,4,7,17.1054166666667
2020,4,8,17.2358333333333
2020,4,9,17.5054166666667
2020,4,10,17.1111111111111
2020,4,11,17.1521008403361
2020,4,12,17.7647058823529
2020,4,13,18.3283333333333
2020,4,14,18.6770833333333
2020,4,15,18.9151260504202
2020,4,16,18.0795833333333
2020,4,17,18.3105042016807
2020,4,18,18.72375
2020,4,19,18.6354166666667
2020,4,20,18.7883333333333
2020,4,21,18.6949579831933
2020,4,22,18.9302521008403
2020,4,23,18.8113445378151
2020,4,24,18.9895833333333
2020,4,25,18.89375
2020,4,26,19.2183333333333
2020,4,27,19.0466666666667
2020,4,28,19.2925
2020,4,29,19.6491666666667
2020,4,30,19.6920833333333
2020,5,1,19.5125
2020,5,2,19.5949579831933
2020,5,3,19.9708333333333
2020,5,4,20.0829166666667
2020,5,5,20.6625
2020,5,6,21.0416666666667
2020,5,7,20.2533333333333
2020,5,8,20.0945606694561
2020,5,9,19.8705882352941
2020,5,10,19.9789915966387
2020,5,11,20.2825
2020,5,12,19.7441666666667
2020,5,13,19.9579166666667
2020,5,14,20.3675
2020,5,15,20.6641666666667
2020,5,16,21.1395833333333
2020,5,17,22.2375
2020,5,18,22.5295833333333
2020,5,19,22.10125
2020,5,20,21.60375
2020,5,21,21.8995833333333
2020,5,22,22.4770833333333
2020,5,23,21.9270833333333
2020,5,24,22.4495833333333
2020,5,25,23.7333333333333
2020,5,26,23.43875
2020,5,27,23.1508333333333
2020,5,28,23.5829166666667
2020,5,29,23.3133333333333
2020,5,30,22.6795833333333
2020,5,31,22.78125
2020,6,1,23.4804166666667
2020,6,2,23.62875
2020,6,3,23.3604166666667
2020,6,4,23.0341666666667
2020,6,5,23.6295833333333
2020,6,6,23.7041666666667
2020,6,7,23.7620833333333
2020,6,8,24.4441666666667
2020,6,9,25.25875
2020,6,10,24.5633333333333
2020,6,11,24.1191666666667
2020,6,12,24.0803347280335
2020,6,13,23.9508333333333
2020,6,14,23.2525
2020,6,15,23.0770833333333
2020,6,16,22.96
2020,6,17,23.1958333333333
2020,6,18,23.5050420168067
2020,6,19,24.3682203389831
2020,6,20,24.4579166666667
2020,6,21,24.5191666666667
2020,6,22,24.2595833333333
2020,6,23,24.34
2020,6,24,24.6333333333333
2020,6,25,24.6754166666667
2020,6,26,25.01625
2020,6,27,24.9091666666667
2020,6,28,24.77125
2020,6,29,25.3208333333333
2020,6,30,26.11625
2020,7,1,25.981308411215
2020,7,2,26.6510460251046
2020,7,3,27.5575
2020,7,4,27.5991666666667
2020,7,5,26.8191666666667
2020,7,6,27.2379166666667
2020,7,7,27.1154166666667
2020,7,8,26.9125
2020,7,9,27.55625
2020,7,10,27.8604166666667
2020,7,11,28.1641666666667
2020,7,12,27.9575
2020,7,13,27.3591666666667
2020,7,14,27.6930131004367
2020,7,15,28.3145833333333
2020,7,16,29.2554166666667
2020,7,17,29.9802259887006
2020,7,18,29.7052401746725
2020,7,19,28.3191666666667
2020,7,20,27.93
2020,7,21,27.6979166666667
2020,7,22,27.5591666666667
2020,7,23,27.69
2020,7,24,27.6454166666667
2020,7,25,27.4858333333333
2020,7,26,27.9441666666667
2020,7,27,28.1708333333333
2020,7,28,28.4004166666667
2020,7,29,28.29375
2020,7,30,27.9166666666667
2020,7,31,27.80375
2020,8,1,27.48875
2020,8,2,27.7279166666667
2020,8,3,27.7566666666667
2020,8,4,27.6920833333333
2020,8,5,27.8854166666667
2020,8,6,28.2266666666667
2020,8,7,27.8475
2020,8,8,27.8861344537815
2020,8,9,27.785
2020,8,10,27.4771551724138
2020,8,11,27.4607655502392
2020,8,12,27.4727848101266
2020,8,13,27.4096916299559
2020,8,14,26.8677685950413
2020,8,15,27.165
2020,8,16,26.97875
2020,8,17,27.04
2020,8,18,27.48875
2020,8,19,27.2183333333333
2020,8,20,27.275
2020,8,21,27.4429166666667
2020,8,22,27.4704166666667
2020,8,23,27.33625
2020,8,24,27.3991666666667
2020,8,25,27.5626050420168
2020,8,26,27.81125
2020,8,27,28.6570833333333
2020,8,28,28.2379166666667
2020,8,29,28.3395833333333
2020,8,30,28.34375
2020,8,31,28.8725
2020,9,1,29.2105042016807
2020,9,2,29.2063025210084
2020,9,3,29.1033333333333
2020,9,4,29.19625
2020,9,5,29.16125
2020,9,6,28.84125
2020,9,7,28.59625
2020,9,8,28.27
2020,9,9,27.8729166666667
2020,9,10,28.7116666666667
2020,9,11,28.9283333333333
2020,9,12,28.4366666666667
2020,9,13,27.7954166666667
2020,9,14,28.0820833333333
2020,9,15,27.7595833333333
2020,9,16,26.89375
2020,9,17,26.4472103004292
2020,9,18,26.7079166666667
2020,9,19,25.7575
2020,9,20,24.3170833333333
2020,9,21,23.62375
2020,9,22,23.3183333333333
2020,9,23,23.2824034334764
2020,9,24,23.37875
2020,9,25,23.8108786610879
2020,9,26,23.96375
2020,9,27,24.4595833333333
2020,9,28,24.4825
2020,9,29,24.5958333333333
2020,9,30,24.26875
2020,10,1,24.0155462184874
2020,10,2,23.74125
2020,10,3,22.9504166666667
2020,10,4,22.38625
2020,10,5,22.3095833333333
2020,10,6,22.4670833333333
2020,10,7,22.7833333333333
2020,10,8,22.7958333333333
2020,10,9,23.0233333333333
2020,10,10,23.3020833333333
2020,10,11,23.1675
2020,10,12,23.4145833333333
2020,10,13,23.4225
2020,10,14,23.5745833333333
2020,10,15,23.4070833333333
2020,10,16,23.5733333333333
2020,10,17,22.6270833333333
2020,10,18,21.8
2020,10,19,22.0940909090909
2020,10,20,22.6016666666667
2020,10,21,22.8908333333333
2020,10,22,23.1288793103448
2020,10,23,23.1791666666667
2020,10,24,23.38875
2020,10,25,23.3604166666667
2020,10,26,23.0825
2020,10,27,22.9720833333333
2020,10,28,23.36125
2020,10,29,23.3616666666667
2020,10,30,23.3329166666667
2020,10,31,22.2376623376623
2020,11,1,21.6891402714932
2020,11,2,21.2484978540773
2020,11,3,20.3966666666667
2020,11,4,20.3221238938053
2020,11,5,20.7145454545455
2020,11,6,20.6175
2020,11,7,20.7470833333333
2020,11,8,20.9704166666667
2020,11,9,21.17
2020,11,10,21.3725
2020,11,11,21.5979166666667
2020,11,12,21.65875
2020,11,13,21.4583333333333
2020,11,14,21.2920833333333
2020,11,15,21.03
2020,11,16,21.2550420168067
2020,11,17,20.7351464435146
2020,11,18,19.8654166666667
2020,11,19,18.9648535564854
2020,11,20,19.23625
2020,11,21,19.3715481171548
2020,11,22,19.40125
2020,11,23,19.3641666666667
2020,11,24,18.3233333333333
2020,11,25,17.8733333333333
2020,11,26,18.35
2020,11,27,18.8870833333333
2020,11,28,18.7533898305085
2020,11,29,18.3866666666667
2020,11,30,18.6670833333333
2020,12,1,18.0716101694915
2020,12,2,17.3329166666667
2020,12,3,17.0883333333333
2020,12,4,16.97875
2020,12,5,16.98375
2020,12,6,16.5516666666667
2020,12,7,16.5229166666667
2020,12,8,15.945
2020,12,9,15.4383333333333
2020,12,10,15.4108333333333
2020,12,11,15.6125
2020,12,12,16.0379166666667
2020,12,13,16.2970833333333
2020,12,14,16.2979166666667
2020,12,15,15.46875
2020,12,16,14.5354166666667
2020,12,17,14.375
2020,12,18,14.2816666666667
2020,12,19,13.6108786610879
2020,12,20,13.57125
2020,12,21,13.5541666666667
2020,12,22,13.22125
2020,12,23,12.95625
2020,12,24,13.50375
2020,12,25,13.6766666666667
2020,12,26,12.9204166666667
2020,12,27,12.8045833333333
2020,12,28,12.955
2020,12,29,13.3466666666667
2020,12,30,11.825
2020,12,31,11.9520833333333
2021,1,1,12.3435146443515
2021,1,2,12.5066666666667
2021,1,3,12.875
2021,1,4,12.74875
2021,1,5,12.4675
2021,1,6,12.1070833333333
2021,1,7,11.8304166666667
2021,1,8,11.5641666666667
2021,1,9,11.14
2021,1,10,10.8708333333333
2021,1,11,10.8983333333333
2021,1,12,10.8929166666667
2021,1,13,11.1129166666667
2021,1,14,11.2333333333333
2021,1,15,11.3008333333333
2021,1,16,11.4475
2021,1,17,10.7686192468619
2021,1,18,10.8541666666667
2021,1,19,11.1125
2021,1,20,11.1154166666667
2021,1,21,11.2070833333333
2021,1,22,11.2333333333333
2021,1,23,10.9575
2021,1,24,10.2616666666667
2021,1,25,10.1975
2021,1,26,10.4026200873362
2021,1,27,10.6093959731544
2021,2,8,9.43555555555556
2021,2,9,9.42916666666667
2021,2,10,9.81291666666667
2021,2,11,10.31
2021,2,12,10.4695833333333
2021,2,13,9.74708333333333
2021,2,14,9.45208333333333
2021,2,15,9.24583333333333
2021,2,16,9.76333333333333
2021,2,17,9.90583333333333
2021,2,18,10.1191111111111
2021,2,19,9.93583333333333
2021,2,20,9.67208333333333
2021,2,21,9.43723849372385
2021,2,22,9.72166666666667
2021,2,23,10.8545833333333
2021,2,24,11.2313043478261
2021,2,25,11.49625
2021,2,26,12.08125
2021,2,27,11.9129166666667
2021,2,28,12.29
2021,3,1,12.0875
2021,3,2,11.9308333333333
2021,3,3,11.775641025641
2021,3,4,11.8045751633987
2021,3,5,11.865
2021,3,6,11.93
2021,3,7,11.7937238493724
2021,3,8,11.9194092827004
2021,3,9,11.983908045977
2021,3,16,12.608
2021,3,17,12.5737430167598
2021,3,18,13.3716814159292
2021,3,19,13.2101321585903
2021,3,20,12.2533333333333
2021,3,21,12.1654166666667
2021,3,22,12.6066666666667
2021,3,23,13.0908333333333
2021,3,24,13.7379166666667
2021,3,25,14.0308333333333
2021,3,26,13.985
2021,3,27,13.6720833333333
2021,3,28,14.0233333333333
2021,3,29,14.7516666666667
2021,3,30,15.5670833333333
2021,3,31,16.2658333333333
2021,4,1,15.2516666666667
2021,4,2,14.5820833333333
2021,4,3,14.5054166666667
2021,4,4,14.7283333333333
2021,4,5,15.24875
2021,4,6,15.4297071129707
2021,4,7,16.06125
2021,4,8,16.6658333333333
2021,4,9,17.3083333333333
2021,4,10,17.1966666666667
2021,4,11,17.0545833333333
2021,4,12,16.775
2021,4,13,17.3175
2021,4,14,18.4771929824561
2021,4,15,17.9083333333333
2021,4,16,17.38625
2021,4,17,17.625
2021,4,18,18.1454166666667
2021,4,19,18.5191666666667
2021,4,20,18.4825
2021,4,21,18.76875
2021,4,22,17.1233333333333
2021,4,23,16.9625
2021,4,24,17.2045833333333
2021,4,25,17.47
2021,4,26,17.8716666666667
2021,4,27,18.4620833333333
2021,4,28,18.5808333333333
2021,4,29,19.0354166666667
2021,4,30,19.4304166666667
2021,5,1,19.4425
2021,5,2,19.9208333333333
2021,5,3,20.0020833333333
2021,5,4,19.98375
2021,5,5,20.0633333333333
2021,5,6,20.1445833333333
2021,5,7,20.3025
2021,5,8,20.0276150627615
2021,5,9,20.32625
2021,5,10,20.8804166666667
2021,5,11,20.8441666666667
2021,5,12,20.4491666666667
2021,5,13,19.58625
2021,5,14,19.5029166666667
2021,5,15,19.72625
2021,5,16,20.3216666666667
2021,5,17,20.7845833333333
2021,5,18,21.5108333333333
2021,5,19,21.905
2021,5,20,22.44125
2021,5,21,22.795
2021,5,22,23.0941666666667
2021,5,23,22.71125
2021,5,24,22.6508333333333
2021,5,25,23.6322580645161
2021,5,26,23.334188034188
2021,5,27,22.5154166666667
2021,5,28,22.5520833333333
2021,5,29,23.0204166666667
2021,5,30,22.6645833333333
2021,5,31,22.5266666666667
2021,6,1,22.9679166666667
2021,6,2,23.6454166666667
2021,6,3,23.6729166666667
2021,6,4,23.1951965065502
2021,6,5,23.5258333333333
2021,6,6,23.5320833333333
2021,6,7,23.70375
2021,6,8,23.57
2021,6,9,23.4395833333333
2021,6,10,23.4293103448276
2021,6,11,23.4458333333333
2021,6,12,23.67625
2021,6,13,24.26125
2021,6,14,24.7579166666667
2021,6,15,24.6333333333333
2021,6,16,24.7842553191489
2021,6,17,24.8754166666667
2021,6,18,25.4129166666667
2021,6,19,25.2
2021,6,20,25.0783333333333
2021,6,21,25.5425
2021,6,22,25.6441666666667
2021,6,23,25.5470833333333
2021,6,24,25.2454166666667
2021,6,25,25.4558333333333
2021,6,26,26.0816666666667
2021,6,27,26.7325
2021,6,28,27.6758333333333
2021,6,29,28.2004166666667
2021,6,30,27.7645833333333
2021,7,1,26.655
2021,7,2,26.4575
2021,7,3,26.3520833333333
2021,7,4,26.85
2021,7,5,27.1016666666667
2021,7,6,27.0725
2021,7,7,26.9195833333333
2021,7,8,26.2679166666667
2021,7,9,26.6079166666667
2021,7,10,27.0541666666667
2021,7,11,27.21125
2021,7,12,27.2366666666667
2021,7,13,27.47
2021,7,14,27.4091666666667
2021,7,15,27.46125
2021,7,16,27.49125
2021,7,17,27.5295833333333
2021,7,18,27.435
2021,7,19,27.02
2021,7,20,26.8670833333333
2021,7,21,27.09125
2021,7,22,27.39
2021,7,23,28.0875
2021,7,24,27.9645833333333
2021,7,25,28.3029166666667
2021,7,26,28.1983333333333
2021,7,27,27.7718487394958
2021,7,28,27.6420833333333
2021,7,29,27.8454166666667
2021,7,30,27.9279166666667
2021,7,31,27.7891666666667
2021,8,1,27.7904166666667
2021,8,2,27.9441666666667
2021,8,3,28.2
2021,8,4,27.5970833333333
2021,8,5,27.195
2021,8,6,27.4491666666667
2021,8,7,27.5445833333333
2021,8,8,27.78875
2021,8,9,28.2645833333333
2021,8,10,28.6520833333333
2021,8,11,28.2096234309623
2021,8,12,28.1208333333333
2021,8,13,28.2133333333333
2021,8,14,28.2783333333333
2021,8,15,27.9025210084034
2021,8,16,27.7466666666667
2021,8,17,27.93625
2021,8,18,27.1345833333333
2021,8,19,27.2416666666667
2021,8,20,27.465
2021,8,21,27.7770833333333
2021,8,22,27.6216666666667
2021,8,23,27.5504166666667
2021,8,24,27.72625
2021,8,25,27.545
2021,8,26,27.58625
2021,8,27,27.62375
2021,8,28,27.6745833333333
2021,8,29,27.14875
2021,8,30,26.2916666666667
2021,8,31,26.0179166666667
2021,9,1,25.475
2021,9,2,24.94375
2021,9,3,24.9208333333333
2021,9,4,25.2266666666667
2021,9,5,25.4566666666667
2021,9,6,25.4241666666667
2021,9,7,25.6316666666667
2021,9,8,26.1475
2021,9,9,25.5766666666667
2021,9,10,25.4725
2021,9,11,25.845
2021,9,12,26.0604166666667
2021,9,13,26.155
2021,9,14,26.4591666666667
2021,9,15,26.83875
2021,9,16,27.235
2021,9,17,27.1333333333333
2021,9,18,27.2525
2021,9,19,27.4220833333333
2021,9,20,27.55625
2021,9,21,26.7570833333333
2021,9,22,26.3375
2021,9,23,26.3279166666667
2021,9,24,25.9
2021,9,25,25.5654166666667
2021,9,26,25.3175
2021,9,27,25.4375
2021,9,28,25.7220833333333
2021,9,29,25.5266666666667
2021,9,30,25.6966666666667
2021,10,1,25.5908333333333
2021,10,2,25.3791666666667
2021,10,3,25.5929166666667
2021,10,4,25.6804166666667
2021,10,5,25.9025
2021,10,6,26.0670833333333
2021,10,7,25.6029166666667
2021,10,8,25.2529166666667
2021,10,9,25.1433333333333
2021,10,10,24.6441666666667
2021,10,11,24.5514792899408
2021,10,12,24.3729166666667
2021,10,13,24.3770833333333
2021,10,14,24.8083333333333
2021,10,15,25.02
2021,10,16,25.0873949579832
2021,10,17,24.2466666666667
2021,10,18,23.4472727272727
2021,10,19,23.20625
2021,10,20,23.1483333333333
2021,10,21,22.8966666666667
2021,10,22,23.0220833333333
2021,10,23,23.2058333333333
2021,10,24,23.16125
2021,10,25,23.3570833333333
2021,10,26,23.175
2021,10,27,22.5
2021,10,28,22.18875
2021,10,29,22.1266666666667
2021,10,30,21.5645833333333
2021,10,31,21.1895833333333
2021,11,1,21.1183333333333
2021,11,2,21.1341666666667
2021,11,3,20.6629166666667
2021,11,4,19.6633333333333
2021,11,5,18.67125
2021,11,6,17.7008333333333
2021,11,7,16.93625
2021,11,8,16.5595833333333
2021,11,9,16.6845833333333
2021,11,10,17.1191666666667
2021,11,11,17.315
2021,11,12,18.0041666666667
2021,11,13,18.0091666666667
2021,11,14,17.6720833333333
2021,11,15,17.5732217573222
2021,11,16,17.3970833333333
2021,11,17,17.5175
2021,11,18,17.73875
2021,11,19,17.3195833333333
2021,11,20,16.2891666666667
2021,11,21,16.4908333333333
2021,11,22,16.8504166666667
2021,11,23,15.9395833333333
2021,11,24,15.4108333333333
2021,11,25,15.29625
2021,11,26,15.1525
2021,11,27,14.6704166666667
2021,11,28,14.5766666666667
2021,11,29,14.27625
2021,11,30,13.9358333333333
2021,12,1,14.1933054393305
2021,12,2,14.5654166666667
2021,12,3,14.79625
2021,12,4,15.09875
2021,12,5,15.0679166666667
2021,12,6,15.1975
2021,12,7,15.1586387434555
2021,12,8,14.6110169491525
2021,12,9,14.0591666666667
2021,12,10,14.09375
2021,12,11,14.4166666666667
2021,12,12,14.5125
2021,12,13,14.21125
2021,12,14,14.3188284518828
2021,12,15,14.245
2021,12,16,14.5579166666667
2021,12,17,14.59625
2021,12,18,14.7279166666667
2021,12,19,14.74
2021,12,20,14.1458333333333
2021,12,21,13.5395833333333
2021,12,22,13.3516666666667
2021,12,23,13.2675
2021,12,24,13.0533333333333
2021,12,25,13.2704166666667
2021,12,26,13.78125
2021,12,27,14.1275
2021,12,28,14.4079166666667
2021,12,29,14.7470833333333
2021,12,30,15.21625
2021,12,31,15.4933333333333
